year,player,team,price_cr,pred_war,actual_war,shortfall,wasted_cr,wasted_median,wasted_ci_low,wasted_ci_high,pct_wasted
2014,Gautam Gambhir,KKR,12.5,13.92647,3.2903266634522623,10.636143336547738,8.633338009330496,8.573830845604855,0.0,12.5,69.0
2025,Ravi Bishnoi,LSG,11.0,9.680568,-0.9097634930260784,10.590331493026078,8.596152620093214,8.651809836043983,0.0,11.0,78.0
2025,Shivam Dube,CSK,12.0,8.936986,-1.3249325251095088,10.261918525109508,8.329580417279008,8.305425220536613,0.0,12.0,69.0
2025,Tilak Varma,MI,8.0,13.042255,2.882352941176471,10.15990205882353,8.0,8.0,0.0,8.0,100.0
2014,Chris Gayle,RCB,7.5,15.111699,0.4006027000964316,14.711096299903568,7.5,7.5,2.210075898354736,7.5,100.0
2018,Chris Morris,DC,11.0,10.096401,0.8683388083965857,9.228062191603414,7.490401130405813,7.813007252170886,0.0,11.0,68.0
2020,Glenn Maxwell,PBKS,10.75,10.4474125,1.2530261093764867,9.194386390623514,7.46306654460765,7.396399899303223,0.0,10.75,69.0
2025,Sanju Samson,RR,18.0,12.95716,3.970588235294116,8.986571764705884,7.294383794473539,7.364996993902346,0.0,16.23883484298044,41.0
2014,Virat Kohli,RCB,12.5,15.0394335,6.290326663452262,8.749106836547737,7.101633948473806,7.087150548810061,0.0,12.5,57.0
2015,Yuvraj Singh,DC,16.0,11.284847,2.5842828213869264,8.700564178613073,7.062231962193571,6.9971513176110625,0.0,16.0,44.0
2014,Shane Watson,RR,12.5,16.889267,8.24735456584629,8.64191243415371,7.0146244489500615,6.650943711207548,0.0,12.5,56.0
2022,Mohammed Siraj,RCB,7.0,9.814799,-4.581907839379959,14.39670683937996,7.0,7.0,1.7919828830974687,7.0,100.0
2018,Manish Pandey,SRH,11.0,8.419857,0.0406249999999985,8.379232000000002,6.801407223050704,6.693110654923487,0.0,11.0,62.0
2014,Shikhar Dhawan,SRH,12.5,12.585709,4.5664898746383855,8.019219125361614,6.509185433994526,6.609034826895379,0.0,12.5,52.0
2022,Anrich Nortje,DC,6.5,7.7344046,-1.1030309747509115,8.837435574750913,6.5,6.5,0.0,6.5,100.0
2019,Jaydev Unadkat,RR,8.4,2.5363448,-4.864554013126971,7.400898813126971,6.007295972312159,5.9201584883660825,0.0,8.4,72.0
2022,Kieron Pollard,MI,6.0,8.817559,-0.0225233931962094,8.840082393196209,6.0,6.0,0.0,6.0,100.0
2014,Dale Steyn,SRH,9.5,15.227507,7.845282378097347,7.382224621902652,5.992138165596971,6.097957028809098,0.0,9.5,63.0
2025,Tristan Stubbs,DC,10.0,11.519534,4.489089433835568,7.030444566164432,5.706598940519648,5.681572866765653,0.0,10.0,57.0
2021,Chris Morris,RR,16.0,5.2134566,-1.708678093653733,6.9221346936537325,5.618684015951147,5.3296248068223715,0.0,15.991211514823043,35.0
2018,Kedar Jadhav,CSK,7.8,6.669308,-0.1734071011673155,6.8427151011673155,5.554219278611393,5.3786345987293975,0.0,7.8,71.0
2014,Jacques Kallis,KKR,5.5,10.680223,2.8582875455955694,7.82193545440443,5.5,5.5,0.0,5.5,100.0
2018,Kieron Pollard,MI,5.4,10.2714,2.27568093385214,7.99571906614786,5.4,5.4,0.0,5.4,100.0
2018,Chris Woakes,RCB,7.4,4.8593726,-1.6600861698450315,6.519458769845032,5.291832708248829,5.258872938603264,0.0,7.4,72.0
2022,Shivam Mavi,KKR,7.25,4.0047565,-2.4167179988696352,6.421474498869635,5.212299055480004,5.2738434313629465,0.0,7.25,72.0
2014,Murali Vijay,DC,5.0,12.741835,0.1118761791958422,12.629958820804157,5.0,5.0,0.44473125289484344,5.0,100.0
2014,Michael Hussey,MI,5.0,16.494766,2.1537909836065587,14.34097501639344,5.0,5.0,2.414442902471915,5.0,100.0
2022,Ruturaj Gaikwad,CSK,6.0,14.912149,8.828919491525419,6.083229508474581,4.937746218079914,5.076096578919184,0.0,6.0,82.0
2018,Axar Patel,PBKS,12.5,9.837364,3.8259065154412895,6.011457484558711,4.879488998101476,4.642765134156438,0.0,12.5,39.0
2014,Rohit Sharma,MI,12.5,15.277308,9.491101054463124,5.786206945536875,4.696653549327749,4.449280996465921,0.0,12.5,38.0
2022,Manish Pandey,LSG,4.6,6.2586036,0.5222457627118633,5.7363578372881365,4.6,4.581308202886149,0.0,4.6,100.0
2022,Venkatesh Iyer,KKR,8.0,5.3440375,-0.2938101499641199,5.63784764996412,4.576230581624354,4.6446845914785655,0.0,8.0,57.0
2012,Brendon McCullum,KKR,4.5,9.987948,-0.6319767441860478,10.619924744186047,4.5,4.5,0.0,4.5,100.0
2025,Andre Russell,KKR,12.0,6.5602655,1.039731974379059,5.520533525620941,4.481006922382843,4.426501625318721,0.0,12.0,37.0
2020,Aaron Finch,RCB,4.4,5.976399,-0.0839506172839534,6.060349617283953,4.4,4.4,0.0,4.4,100.0
2025,Rashid Khan,GT,18.0,12.413266,7.05479826504293,5.35846773495707,4.349458417790695,4.318148076808474,0.0,13.792866851896706,24.0
2018,Robin Uthappa,KKR,6.4,11.421359,6.070063229571986,5.351295770428015,4.343636947356247,4.274136213506093,0.0,6.4,68.0
2013,Dirk Nannes,CSK,4.5,6.43817,1.1826923076923066,5.255477692307694,4.265861589348927,4.241899820260112,0.0,4.5,95.0
2025,Ruturaj Gaikwad,CSK,18.0,7.77405,2.5882352941176467,5.185814705882353,4.209316271227577,4.43527618345084,0.0,13.630569608514746,23.0
2014,Dwayne Bravo,CSK,4.0,11.033048,0.615435149469624,10.417612850530377,4.0,4.0,0.0,4.0,100.0
2014,Stuart Binny,RR,4.0,10.196971,1.6457416879795377,8.551229312020462,4.0,4.0,0.0,4.0,100.0
2021,Daniel Christian,RCB,4.0,5.000286,-2.4821442732281116,7.482430273228111,4.0,4.0,0.0,4.0,100.0
2018,Sarfraz Khan,RCB,7.0,5.3181763,0.4421084630350194,4.876067836964981,3.9578953066842923,4.009747570890168,0.0,7.0,57.0
2014,MS Dhoni,CSK,12.5,18.129005,13.302422854387656,4.826582145612344,3.9177278619108953,4.043116318344431,0.0,12.5,31.0
2014,Kieron Pollard,MI,7.5,8.893297,4.069317848308241,4.823979151691759,3.9156150165268526,3.776199612415535,0.0,7.5,52.0
2018,Jaydev Unadkat,RR,11.5,6.25751,1.4395342642764009,4.817975735723599,3.910742054812841,3.708922386677747,0.0,11.5,34.0
2025,Mayank Yadav,LSG,11.0,3.7065916,-1.0843402946772276,4.790931894677227,3.8887906187108414,3.900532648878288,0.0,11.0,35.0
2014,Ravindra Jadeja,CSK,5.5,14.468521,9.70962166156555,4.758899338434452,3.8627898516474173,3.8857221466552203,0.0,5.5,70.0
2022,Harpreet Brar,PBKS,3.8,5.455574,0.026806225431982,5.428767774568018,3.8,3.8,0.0,3.8,100.0
2023,Ben Stokes,CSK,16.25,3.4408994,-1.202635316985646,4.643534716985647,3.769148600324335,3.3471970519882737,0.0,13.519433956275012,23.0
2025,Shubman Gill,GT,16.5,18.710495,14.080882352941174,4.629612647058828,3.7578480817374187,3.827008889473862,0.0,13.808462018180522,23.0
2018,Marcus Stoinis,PBKS,6.2,4.1071496,-0.459413139316478,4.566562739316478,3.7066705874358528,4.145755014977693,0.0,6.2,60.0
2025,Nitish Kumar Reddy,SRH,6.0,3.871029,-0.6620407217796194,4.533069721779619,3.6794843666226624,3.6022254214110285,0.0,6.0,61.0
2018,Brendon McCullum,RCB,3.6,7.900798,3.319345817120622,4.581452182879378,3.6,3.4996143726010827,0.0,3.6,100.0
2022,Abdul Samad,SRH,4.0,4.1367383,-0.239435058677471,4.376173358677471,3.552131876886928,3.721704322034137,0.0,4.0,89.0
2012,Ravindra Jadeja,CSK,9.78,11.972372,7.631980436464989,4.340391563535011,3.5230878594953996,3.5767754657177777,0.0,9.78,36.0
2014,Darren Sammy,SRH,3.5,3.5840256,-2.4563990503542836,6.040424650354284,3.5,3.5,0.0,3.5,100.0
2025,Mohsin Khan,LSG,4.0,3.0466313,-1.253557624987963,4.300188924987963,3.490455451632771,3.627800734972868,0.0,4.0,87.0
2016,Pawan Negi,DC,8.5,2.5921166,-1.6781983326782974,4.270314932678298,3.4662067869489057,2.9989824118884174,0.0,8.5,41.0
2013,Johan Botha,DC,3.375,7.5585003,2.6162697012467646,4.942230598753236,3.375,3.375,0.0,3.375,100.0
2022,T Natarajan,SRH,4.0,4.2874618,0.1449044585987238,4.142557341401276,3.362506184780223,3.1581270116427023,0.0,4.0,84.0
2012,Parthiv Patel,DCH,3.25,7.3515854,2.9898671096345524,4.361718290365448,3.25,3.25,0.0,3.25,100.0
2015,Aaron Finch,MI,3.2,4.196266,-1.6076636904761896,5.803929690476189,3.2,3.2,0.0,3.2,100.0
2018,Shahbaz Nadeem,DC,3.2,3.1197436,-2.409293672090482,5.529037272090482,3.2,3.2,0.0,3.2,100.0
2022,Kane Williamson,SRH,14.0,1.5976503,-2.3127648305084776,3.9104151305084773,3.1740767786077666,3.3717482615734897,0.0,12.479539349529343,23.0
2018,Washington Sundar,RCB,3.2,6.3532825,2.483520394403441,3.8697621055965588,3.1410787929600628,2.973013886655963,0.0,3.2,98.0
2025,Shimron Hetmyer,RR,11.0,6.3870964,2.5220588235294095,3.8650375764705904,3.1372439013467415,3.147028079018,0.0,11.0,29.0
2018,Mohammed Shami,DC,3.0,3.2586584,-1.1427093667237596,4.40136776672376,3.0,3.0,0.0,3.0,100.0
2020,Robin Uthappa,RR,3.0,6.746792,2.0225527364634956,4.7242392635365045,3.0,3.0,0.0,3.0,100.0
2013,Rudra Pratap Singh,RCB,3.0,8.374514,1.4423076923076863,6.932206307692313,3.0,3.0,0.0,3.0,100.0
2021,Shakib Al Hasan,KKR,3.0,8.285857,3.6648318922100502,4.62102510778995,3.0,3.0,0.0,3.0,100.0
2020,Chris Jordan,PBKS,3.0,4.7261777,-0.843773761842467,5.569951461842467,3.0,3.0,0.0,3.0,100.0
2020,Jaydev Unadkat,RR,3.0,2.864326,-1.862638188320246,4.726964188320246,3.0,3.0,0.0,3.0,100.0
2022,Rahul Tewatia,GT,9.0,8.597015,4.968580325901273,3.6284346740987274,2.945193760094327,3.0684993153841664,0.0,9.0,33.0
2025,Ramandeep Singh,KKR,4.0,3.9030826,0.3161764705882355,3.5869061294117643,2.9114851166534135,2.6989361440703856,0.0,4.0,73.0
2022,Pat Cummins,KKR,7.25,5.083357,1.5032414698579384,3.580115530142062,2.9059731996994733,3.038873761273223,0.0,7.25,40.0
2025,Abhishek Porel,DC,4.0,8.775546,5.19852941176471,3.5770165882352902,2.9034577942460222,2.9552999259919535,0.0,4.0,73.0
2025,MS Dhoni,CSK,4.0,4.2820663,0.720588235294116,3.5614780647058843,2.890845203239061,3.080157281514086,0.0,4.0,72.0
2023,Mukesh Kumar,DC,5.5,2.2107806,-1.332229366028706,3.543009966028706,2.8758546814658272,2.747667566210751,0.0,5.5,52.0
2015,Murali Vijay,PBKS,3.0,4.1654882,0.6601027239356574,3.505385476064343,2.8453149520721053,2.4970522226811847,0.0,3.0,95.0
2025,Harshit Rana,KKR,4.0,4.5862327,1.109351095865092,3.476881604134908,2.8221784115841735,2.8661193361772375,0.0,4.0,71.0
2013,Ricky Ponting,MI,3.0,0.9600963,-2.50684250764526,3.46693880764526,2.814107861936901,2.5778035398647914,0.0,3.0,94.0
2014,Ranganath Vinay Kumar,KKR,2.8,7.486124,-1.096684992243512,8.582808992243512,2.8,2.8,0.0,2.8,100.0
2014,Jaydev Unadkat,DC,2.8,5.474452,-0.2726367343088364,5.747088734308837,2.8,2.8,0.0,2.8,100.0
2018,Gautam Gambhir,DC,2.8,7.293018,-1.930654182879378,9.223672182879378,2.8,2.8,0.0,2.8,100.0
2018,Quinton De Kock,RCB,2.8,6.5283995,2.497227626459143,4.031171873540857,2.8,2.8,0.0,2.8,100.0
2015,Darren Sammy,RCB,2.8,5.419303,-0.7435204272863567,6.162823427286357,2.8,2.8,0.0,2.8,100.0
2025,Rajat Patidar,RCB,11.0,7.683442,4.257352941176471,3.4260890588235293,2.7809501958529537,2.7740201547057923,0.0,11.0,25.0
2018,Deepak Hooda,SRH,3.6,3.0104446,-0.3582232702088408,3.368667870208841,2.7343415225282266,2.84306760152914,0.0,3.6,76.0
2025,Travis Head,SRH,14.0,11.800112,8.455882352941174,3.3442296470588264,2.7145050616865847,2.626885837301923,0.0,12.547604991045851,19.0
2023,Mayank Agarwal,SRH,8.25,7.0564566,3.80859375,3.2478628499999997,2.636284309524792,2.4332564627374076,0.0,8.25,32.0
2021,Shivam Dube,RR,4.0,4.622264,1.4049028103751002,3.2173611896249,2.611526167825142,2.294782515346406,0.0,4.0,65.0
2018,David Miller,PBKS,3.0,3.3536441,0.1437013618677038,3.209942738132296,2.6055046243751394,2.2515019519366626,0.0,3.0,87.0
2014,Ishant Sharma,SRH,2.6,6.9696746,0.011304347826087,6.958370252173913,2.6,2.6,0.0,2.6,100.0
2022,Navdeep Saini,RR,2.6,5.9011745,-1.7553480085222055,7.6565225085222055,2.6,2.6,0.0,2.6,100.0
2025,Sandeep Sharma,RR,4.0,8.34257,5.163252211640812,3.179317788359188,2.5806464088975893,2.6029310294315815,0.0,4.0,65.0
2019,Barinder Singh Sran,MI,3.4,1.6162121,-1.5496836129120892,3.1658957129120893,2.56975173491145,2.349808799373812,0.0,3.4,76.0
2017,Trent Boult,KKR,5.0,2.7878435,-0.367918586789556,3.155762086789556,2.561526289201689,2.9405073497145184,0.0,5.0,51.0
2022,Rohit Sharma,MI,16.0,7.391936,4.311970338983045,3.0799656610169555,2.5000024696283445,2.7121904780246253,0.0,12.411014783538448,16.0
2022,MS Dhoni,CSK,12.0,7.2847824,4.302436440677965,2.9823459593220347,2.4207647370748258,2.346538998660667,0.0,11.842255945972251,20.0
2014,Irfan Pathan,SRH,2.4,8.601123,0.0743122929856161,8.526810707014384,2.4,2.4,0.0,2.4,100.0
2018,Mohit Sharma,PBKS,2.4,2.7715828,-4.897106289683187,7.668689089683187,2.4,2.4,0.0,2.4,100.0
2014,Brad Hodge,RR,2.4,8.305562,3.1390670202507227,5.166494979749277,2.4,2.4,0.0,2.4,100.0
2023,Manish Pandey,DC,2.4,3.0115635,-0.37109375,3.38265725,2.4,2.4,0.0,2.4,100.0
2019,Varun Aaron,RR,2.4,4.2528296,-2.192230023825048,6.445059623825048,2.4,2.4,0.0,2.4,100.0
2021,Shahrukh Khan,PBKS,5.0,2.417583,-0.5109241126070991,2.9285071126070994,2.3770638440899217,2.448140500659975,0.0,5.0,48.0
2025,Shashank Singh,PBKS,5.5,9.13564,6.209677669129684,2.925962330870316,2.374998249428544,2.3447739199690965,0.0,5.5,43.0
2018,Wriddhiman Saha,SRH,5.0,3.2080498,0.3487840466926055,2.8592657533073944,2.320860759931987,2.082502477033393,0.0,5.0,46.0
2022,Marcus Stoinis,LSG,9.5,6.3181877,3.4696019425798994,2.848585757420101,2.312191826887766,2.204466648599462,0.0,9.5,24.0
2016,Dale Steyn,GL,2.3,4.327011,0.136281798698659,4.190729201301341,2.3,2.3,0.0,2.3,100.0
2013,Luke Pomersbach,PBKS,2.25,3.6067226,0.1393348623853221,3.467387737614678,2.25,2.25,0.0,2.25,100.0
2016,Ishant Sharma,RPS,3.8,1.775171,-0.9767741935483868,2.7519451935483867,2.2337488587068197,2.0102462669871732,0.0,3.8,59.0
2015,Praveen Kumar,SRH,2.2,5.6551614,-1.0147997058018552,6.669961105801855,2.2,2.2,0.0,2.2,100.0
2014,Shaun Marsh,PBKS,2.2,10.379527,1.8278326904532312,8.551694309546768,2.2,2.2,0.0,2.2,100.0
2018,Barinder Singh Sran,PBKS,2.2,4.025204,-0.5919389555142586,4.617142955514258,2.2,2.2,0.0,2.2,100.0
2018,Mustafizur Rahman,MI,2.2,10.613425,3.7380503462844072,6.875374653715593,2.2,2.2,0.0,2.2,100.0
2018,Suresh Raina,CSK,11.0,9.480086,6.782125486381318,2.697960513618682,2.1899295931693605,2.4348500632138683,0.0,11.0,20.0
2016,Kevin Pietersen,RPS,3.5,3.8001444,1.1202904040404036,2.6798539959595966,2.175232566044345,2.2145267649690212,0.0,3.5,62.0
2014,Ajinkya Rahane,RR,7.5,6.853393,4.174891513982644,2.678501486017356,2.1741347362085794,2.1339009299054794,0.0,7.5,29.0
2012,Brad Hodge,RR,2.375,9.609708,6.938630696082678,2.671077303917322,2.1681085412350525,1.8687767482366642,0.0,2.375,91.0
2022,Anuj Rawat,RCB,3.4,3.4265397,0.782574152542372,2.6439655474576282,2.1461019783168096,2.5661460914744474,0.0,3.4,63.0
2021,Adam Milne,MI,3.0,0.6353732,-1.9652949674792972,2.6006681674792973,2.110957574518969,1.9211711193656522,0.0,3.0,70.0
2014,Pragyan Ojha,MI,3.25,6.348916,3.7529911743742375,2.5959248256257625,2.107107412649238,2.0776671747544633,0.0,3.25,65.0
2014,Yuvraj Singh,RCB,14.0,14.784033,12.222695065196422,2.5613379348035785,2.079033296899624,1.8942402694834812,0.0,11.964497201527882,15.0
2019,Carlos Brathwaite,KKR,5.0,2.9281228,0.4544602552854235,2.4736625447145766,2.0078673438104713,2.1559591393889175,0.0,5.0,40.0
2019,Colin Ingram,DC,6.4,3.770068,1.3011410361842088,2.4689269638157914,2.004023481493455,1.938971481209303,0.0,6.4,31.0
2021,Piyush Chawla,MI,2.0,2.617122,-0.7746773480540533,3.3917993480540534,2.0,2.0,0.0,2.0,100.0
2021,Harbhajan Singh,KKR,2.0,6.684058,0.0467972153607065,6.6372607846392935,2.0,2.0,0.0,2.0,100.0
2020,Dale Steyn,RCB,2.0,1.5845976,-2.6414064800258803,4.226004080025881,2.0,2.0,0.0,2.0,100.0
2020,Mitchell Marsh,SRH,2.0,3.356896,-0.1223251272999642,3.4792211272999642,2.0,2.0,0.0,2.0,100.0
2022,David Willey,RCB,2.0,4.01335,1.3542969816664645,2.6590530183335357,2.0,1.7316254502682957,0.0,2.0,100.0
2017,Eoin Morgan,PBKS,2.0,2.9783196,0.0823051948051958,2.896014405194804,2.0,2.0,0.0,2.0,100.0
2017,Angelo Mathews,DC,2.0,5.374232,-0.9352908113391982,6.309522811339198,2.0,2.0,0.0,2.0,100.0
2022,Evin Lewis,LSG,2.0,5.9502254,1.640889830508474,4.309335569491526,2.0,2.0,0.0,2.0,100.0
2018,Harbhajan Singh,CSK,2.0,7.9524293,2.800876525572659,5.1515527744273415,2.0,2.0,0.0,2.0,100.0
2018,Yuvraj Singh,PBKS,2.0,8.521882,-2.389130441484279,10.911012441484278,2.0,2.0,0.0,2.0,100.0
2022,Nathan Coulter-Nile,RR,2.0,4.364997,-2.4704332464390273,6.835430246439027,2.0,2.0,0.0,2.0,100.0
2016,Kane Richardson,RCB,2.0,5.8241453,-1.3876946510331107,7.21183995103311,2.0,2.0,0.0,2.0,100.0
2018,Mitchell Johnson,KKR,2.0,3.375748,-0.4647978136408714,3.8405458136408717,2.0,2.0,0.0,2.0,100.0
2018,Murali Vijay,CSK,2.0,4.905884,-0.0177164396887161,4.923600439688716,2.0,2.0,0.0,2.0,100.0
2022,K S Bharat,DC,2.0,4.621716,0.1268538135593219,4.494862186440678,2.0,2.0,0.0,2.0,100.0
2019,Mohit Sharma,CSK,5.0,2.2495935,-0.1486587144545995,2.3982522144545997,1.9466569172555261,2.046922005372452,0.0,5.0,39.0
2023,Jason Holder,RR,5.75,1.8527254,-0.511677631578948,2.3644030315789477,1.9191815976910573,1.6247615748857926,0.0,5.75,33.0
2022,Chetan Sakariya,DC,4.2,4.896852,2.540581678531284,2.356270321468716,1.9125802918331092,1.8862987623322147,0.0,4.2,46.0
2014,Cheteshwar Pujara,PBKS,1.9,1.6504152,-0.9112885728061711,2.561703772806171,1.9,1.9,0.0,1.9,100.0
2014,Rahul Sharma,DC,1.9,15.277308,9.491101054463124,5.786206945536875,1.9,1.9,0.0,1.9,100.0
2022,Chris Jordan,CSK,3.6,0.652974,-1.6314681552476338,2.2844421552476337,1.8542775012486552,1.8010506189430853,0.0,3.6,52.0
2018,Carlos Brathwaite,SRH,2.0,4.8100877,2.5814355727227083,2.228652127277292,1.8089928380227553,1.371810026885769,0.0,2.0,90.0
2014,Lakshmipathy Balaji,PBKS,1.8,4.4956017,0.8251442287535067,3.6704574712464932,1.8,1.8,0.0,1.8,100.0
2014,Steven Smith,RR,4.0,6.4178815,4.258347396335582,2.1595341036644182,1.7528898652152727,1.8049255496270202,0.0,4.0,44.0
2021,Steven Smith,DC,2.0,3.7774801,1.628580171358628,2.148899928641372,1.7442581248823958,1.5999004254431801,0.0,2.0,87.0
2025,Rahul Tewatia,GT,4.0,4.7525992,2.647058823529413,2.1055403764705867,1.7090632560301402,1.8260852069403444,0.0,4.0,43.0
2018,Parthiv Patel,RCB,1.7,10.574434,4.085809824902723,6.488624175097277,1.7,1.7,0.0,1.7,100.0
2025,Rinku Singh,KKR,13.0,6.332533,4.2867647058823515,2.0457682941176483,1.660546366576303,1.5444666732680385,0.0,10.834310625810028,13.0
2014,Ambati Rayudu,MI,4.0,9.213223,7.181268081002891,2.0319549189971085,1.649334075363988,1.704958523710403,0.0,4.0,41.0
2022,Washington Sundar,SRH,8.75,7.409644,5.391942405268265,2.0177015947317347,1.6377646782389297,1.544156097503072,0.0,8.75,19.0
2022,Mayank Agarwal,PBKS,12.0,5.670497,3.669226694915253,2.001270305084747,1.6244274306142,1.6241221711456402,0.0,10.967209362165422,14.0
2025,Yash Dayal,RCB,5.0,7.076996,5.083596639399089,1.993399360600911,1.618038599434374,1.438530440722954,0.0,5.0,32.0
2014,Mayank Agarwal,DC,1.6,4.686807,2.453489633558341,2.233317366441659,1.6,1.6,0.0,1.6,100.0
2019,Lockie Ferguson,KKR,1.6,3.7897902,-2.3030385441847976,6.092828744184798,1.6,1.6,0.0,1.6,100.0
2016,Jaydev Unadkat,KKR,1.6,3.232471,-2.6191619554373133,5.851632955437314,1.6,1.6,0.0,1.6,100.0
2014,Aditya Tare,MI,1.6,9.093062,2.674795081967213,6.418266918032787,1.6,1.6,0.0,1.6,100.0
2018,Colin Munro,DC,1.9,4.123153,2.2180569066147857,1.9050960933852146,1.5463629996347965,1.528348786254547,0.0,1.9,81.0
2022,Sean Abbott,SRH,2.4,1.3431281,-0.5219757725231959,1.8651038725231959,1.5139013874206015,1.5410924857644757,0.0,2.4,63.0
2022,Kartik Tyagi,SRH,4.0,2.319737,0.4549891329197097,1.8647478670802902,1.5136124184565218,1.5902647705200272,0.0,4.0,38.0
2019,Akshdeep Nath,RCB,3.6,1.4602458,-0.3911389802631575,1.8513847802631576,1.5027656254329727,1.3073736739338204,0.0,3.6,42.0
2015,Michael Hussey,CSK,1.5,4.807459,-0.2911954365079356,5.098654436507935,1.5,1.5,0.0,1.5,100.0
2014,Laxmi Ratan Shukla,DC,1.5,3.8987982,-1.2181304767095735,5.116928676709573,1.5,1.5,0.0,1.5,100.0
2014,Ashok Dinda,RCB,1.5,3.081844,1.1950133118108195,1.8868306881891803,1.5,1.403239328067039,0.0,1.5,100.0
2018,Pradeep Sangwan,MI,1.5,1.3716369,-0.8166754434413402,2.18831234344134,1.5,1.5,0.0,1.5,100.0
2018,Jason Roy,DC,1.5,4.5786343,1.478526264591439,3.100108035408561,1.5,1.5,0.0,1.5,100.0
2022,Tymal Mills,MI,1.5,2.3259208,-4.156357063364053,6.482277863364054,1.5,1.5,0.0,1.5,100.0
2018,Daniel Christian,DC,1.5,5.929116,-0.5117416314766965,6.440857631476696,1.5,1.5,0.0,1.5,100.0
2018,Aaron Finch,PBKS,6.2,4.46987,2.6766293774319063,1.793240622568094,1.4555701194336872,1.4696525732392223,0.0,6.2,23.0
2022,Alzarri Joseph,GT,2.4,2.8531735,1.082946919591535,1.770226580408465,1.4368896636859416,1.763202139087772,0.0,2.4,60.0
2015,Eoin Morgan,SRH,1.5,4.2199826,2.45590277777778,1.7640798222222198,1.4319003513568076,1.27104435722849,0.0,1.5,95.0
2022,Lockie Ferguson,GT,10.0,4.055973,2.308712000939844,1.7472609990601558,1.4182485434897292,1.550232921327468,0.0,10.0,14.0
2014,Parthiv Patel,RCB,1.4,5.2825418,1.1410378495660538,4.141503950433946,1.4,1.4,0.0,1.4,100.0
2022,Karun Nair,RR,1.4,3.320873,-0.2452330508474576,3.566106050847458,1.4,1.4,0.0,1.4,100.0
2022,Vijay Shankar,GT,1.4,2.2744205,-2.1009475554229033,4.3753680554229035,1.4,1.4,0.0,1.4,100.0
2018,Naman Ojha,DC,1.4,2.5809102,-0.4268968871595331,3.007807087159533,1.4,1.4,0.0,1.4,100.0
2022,Yashasvi Jaiswal,RR,4.0,8.71326,6.991388295305167,1.7218717046948333,1.3976400998895921,1.093251016424412,0.0,4.0,35.0
2014,Harbhajan Singh,MI,9.5,18.60726,16.980314347406807,1.626945652593193,1.320588797763122,1.2854419841049167,0.0,9.5,14.0
2018,Yusuf Pathan,SRH,1.9,5.632435,4.010634867842706,1.6218001321572943,1.316412188276826,1.7680717210842942,0.0,1.9,69.0
2022,Avesh Khan,LSG,10.0,6.4958587,4.93899918477052,1.5568595152294806,1.2637000088023587,1.2078447904909506,0.0,10.0,13.0
2016,Aditya Tare,SRH,1.2,1.4583449,-0.9683712121212122,2.426716112121212,1.2,1.2,0.0,1.2,100.0
2025,Virat Kohli,RCB,21.0,11.617213,10.169117647058826,1.4480953529411735,1.1754163380558331,1.1349413279217884,0.0,10.431365824028413,6.0
2014,Kedar Jadhav,DC,2.0,6.7283554,5.293418514946961,1.4349368850530393,1.1647356338410988,0.8310976383601467,0.0,2.0,58.0
2018,Manan Vohra,RCB,1.1,2.6054034,-0.0237110894941636,2.629114489494164,1.1,1.1,0.0,1.1,100.0
2022,Mandeep Singh,DC,1.1,4.002107,-0.7436440677966107,4.74575106779661,1.1,1.1,0.0,1.1,100.0
2022,Kamlesh Nagarkoti,DC,1.1,1.9661189,-1.168625889846385,3.134744789846385,1.1,1.1,0.0,1.1,100.0
2012,Muttiah Muralitharan,RCB,1.1,15.275319,9.81507355554188,5.460245444458119,1.1,1.1,0.0,1.1,100.0
2014,Virender Sehwag,PBKS,3.2,15.399049,14.060113307618131,1.3389356923818685,1.0868116420892076,0.9123255795082956,0.0,3.2,34.0
2016,Ankit Singh Rajpoot,KKR,1.5,1.98845,0.6602810109743924,1.3281689890256076,1.0780723287516945,0.9058174619890382,0.0,1.5,72.0
2020,Piyush Chawla,CSK,6.75,1.7185801,0.4416448230668379,1.2769352769331621,1.0364860187546374,0.9026364912025088,0.0,6.75,15.0
2022,Kagiso Rabada,PBKS,9.25,6.906559,5.639858985940258,1.266700014059742,1.0281780746808724,1.0395736739980026,0.0,9.25,11.0
2021,Mujeeb Ur Rahman,SRH,1.0,5.470573,0.8306190724518461,4.639953927548154,1.0,1.0,0.0,1.0,100.0
2021,Mustafizur Rahman,RR,1.0,8.371471,0.8562072557745375,7.515263744225463,1.0,1.0,0.0,1.0,100.0
2022,Sherfane Rutherford,RCB,1.0,4.588396,-2.3612288135593227,6.949624813559323,1.0,1.0,0.0,1.0,100.0
2019,Martin Guptill,SRH,1.0,4.49875,2.786698190789473,1.7120518092105272,1.0,1.0,0.0,1.0,100.0
2019,Yuvraj Singh,MI,1.0,6.0003614,0.7786287006578938,5.221732699342106,1.0,1.0,0.0,1.0,100.0
2023,David Wiese,KKR,1.0,2.4646766,0.0405315490430622,2.424145050956938,1.0,1.0,0.0,1.0,100.0
2020,Andrew Tye,RR,1.0,8.210397,-1.7962496787799591,10.00664667877996,1.0,1.0,0.0,1.0,100.0
2020,Tom Curran,RR,1.0,0.9062616,-2.1679181444062667,3.074179744406267,1.0,1.0,0.0,1.0,100.0
2022,Ajinkya Rahane,KKR,1.0,2.7218354,0.2846927966101695,2.4371426033898302,1.0,1.0,0.0,1.0,100.0
2018,Imran Tahir,CSK,1.0,6.2900195,0.7676060442550339,5.522413455744966,1.0,1.0,0.0,1.0,100.0
2018,Pawan Negi,RCB,1.0,6.704371,-1.693479777933264,8.397850777933265,1.0,1.0,0.0,1.0,100.0
2014,Abhishek Nayar,RR,1.0,0.99061155,-1.034414175506268,2.025025725506268,1.0,1.0,0.0,1.0,100.0
2014,Moises Henriques,SRH,1.0,6.8167796,-0.9624716468911176,7.779251246891118,1.0,1.0,0.0,1.0,100.0
2014,KL Rahul,SRH,1.0,0.97329336,-0.5292550626808072,1.5025484226808072,1.0,1.0,0.0,1.0,100.0
2018,Akshdeep Nath,PBKS,1.0,1.6483852,-0.6686648832684825,2.317050083268483,1.0,1.0,0.0,1.0,100.0
2018,Chris Jordan,SRH,1.0,5.1138783,0.5691576364751594,4.54472066352484,1.0,1.0,0.0,1.0,100.0
2018,Jean-Paul Duminy,MI,1.0,5.7502904,-2.787020704072517,8.537311104072517,1.0,1.0,0.0,1.0,100.0
2018,Manoj Tiwary,PBKS,1.0,9.331305,-0.1994758423317033,9.530780842331703,1.0,1.0,0.0,1.0,100.0
2018,Mayank Agarwal,PBKS,1.0,3.4435058,2.0304231517509717,1.4130826482490284,1.0,0.7493324223997697,0.0,1.0,100.0
2018,Mohammed Nabi,SRH,1.0,2.6918964,0.652298502291591,2.039597897708409,1.0,1.0,0.0,1.0,100.0
2014,Muttiah Muralitharan,RCB,1.0,10.550689,2.7719725063938583,7.778716493606142,1.0,1.0,0.0,1.0,100.0
2018,Ranganath Vinay Kumar,KKR,1.0,3.480994,-2.9827392506843737,6.463733250684374,1.0,1.0,0.0,1.0,100.0
2014,Ben Hilfenhaus,CSK,1.0,3.3030236,0.6449008951406654,2.6581227048593346,1.0,1.0,0.0,1.0,100.0
2014,Murali Kartik,PBKS,1.0,5.269232,-2.2694277493606148,7.5386597493606144,1.0,1.0,0.0,1.0,100.0
2014,Ryan Ten Doeschate,KKR,1.0,8.293713,3.469626797618548,4.824086202381452,1.0,1.0,0.0,1.0,100.0
2018,Sam Billings,CSK,1.0,7.013159,2.738010700389104,4.275148299610896,1.0,1.0,0.0,1.0,100.0
2016,Irfan Pathan,RPS,1.0,2.562584,0.7697075426697968,1.7928764573302034,1.0,1.0,0.0,1.0,100.0
2017,Corey Anderson,DC,1.0,2.8583372,0.2354517525485278,2.622885447451472,1.0,1.0,0.0,1.0,100.0
2022,Virat Kohli,RCB,15.0,5.636911,4.456038135593218,1.1808728644067816,0.9585123349587239,0.5436871825408036,0.0,10.783269931202545,6.0
2018,Basil Thampi,SRH,0.95,2.0454097,-2.566334392280905,4.6117440922809045,0.95,0.95,0.0,0.95,100.0
2012,James Faulkner,PBKS,0.95,1.2025393,-0.6494769832437857,1.8520162832437856,0.95,0.95,0.0,0.95,100.0
2014,Manoj Tiwary,DC,2.8,3.0968227,1.9627771896356547,1.1340455103643454,0.9205026576970634,1.1735796100661147,0.0,2.8,33.0
2022,Murugan Ashwin,MI,1.6,5.5664544,4.451089605387651,1.1153647946123488,0.9053395550347446,0.7943923117341652,0.0,1.6,57.0
2022,Krishnappa Gowtham,LSG,0.9,5.1070104,0.7300631941754336,4.376947205824567,0.9,0.9,0.0,0.9,100.0
2022,K Gowtham,LSG,0.9,5.1070104,0.7300631941754336,4.376947205824567,0.9,0.9,0.0,0.9,100.0
2014,Shahbaz Nadeem,DC,0.85,4.8082404,2.730815531843518,2.077424868156482,0.85,0.85,0.0,0.85,100.0
2018,Mohammed Siraj,RCB,2.6,6.707084,5.661897540010356,1.0451864599896439,0.8483759297282087,0.478838517075237,0.0,2.6,33.0
2018,Ajinkya Rahane,RR,4.0,3.0054262,1.9602748054474688,1.0451513945525313,0.8483474671773142,1.020777944577599,0.0,4.0,21.0
2014,Yusuf Pathan,KKR,3.25,12.841043,11.829336400989476,1.011706599010525,0.8212003880687688,0.7305604834481993,0.0,3.25,25.0
2014,Ashish Nehra,CSK,2.0,0.41287652,-0.5929955242966756,1.0058720442966755,0.8164644907247091,0.8501982366477912,0.0,2.0,41.0
2014,Mandeep Hardev Singh,PBKS,0.8,1.190299,-0.5892719382835101,1.77957093828351,0.8,0.8,0.0,0.8,100.0
2022,Finn Allen,RCB,0.8,3.5965965,-1.08830167538785,4.6848981753878505,0.8,0.8,0.0,0.8,100.0
2012,Ramesh Powar,PBKS,0.8,6.9028306,-0.8248197366068766,7.727650336606876,0.8,0.8,0.0,0.8,100.0
2019,Anmolpreet Singh,MI,0.8,2.3733563,-1.976144910018801,4.3495012100188015,0.8,0.8,0.0,0.8,100.0
2016,K C Cariappa,PBKS,0.8,1.1059128,-0.4441040812179007,1.5500168812179007,0.8,0.8,0.0,0.8,100.0
2018,Rinku Singh,KKR,0.8,3.5196772,-1.0661235408560312,4.5858007408560315,0.8,0.8,0.0,0.8,100.0
2015,Jaydev Unadkat,DC,1.1,0.5421629,-0.4234311415720713,0.9655940415720713,0.7837709098975905,0.7828218548609435,0.0,1.1,71.0
2022,Devdutt Padikkal,RR,7.75,8.421416,7.458951271186436,0.9624647288135648,0.7812308524795728,0.8655491471079111,0.0,7.75,10.0
2021,Kedar Jadhav,SRH,2.0,0.80948365,-0.1502065483476133,0.9596901983476133,0.778978771196742,0.6443362821950782,0.0,2.0,39.0
2018,Mandeep Singh,RCB,1.4,5.8301077,4.870975194552528,0.9591325054474718,0.7785260928940925,0.8971500927012196,0.0,1.4,56.0
2018,Shreyas Iyer,DC,7.0,8.575796,7.637171692606998,0.9386243073930025,0.7618796262036581,0.7184081580839665,0.0,7.0,11.0
2014,Parveez Rasool,SRH,0.95,0.9588177,0.0313682864450122,0.9274494135549878,0.7528089854018879,0.6823636681333831,0.0,0.95,79.0
2022,Fabian Allen,MI,0.75,3.5965965,-1.08830167538785,4.6848981753878505,0.75,0.75,0.0,0.75,100.0
2022,Nathan Ellis,PBKS,0.75,3.225313,0.1836038461049966,3.0417091538950034,0.75,0.75,0.0,0.75,100.0
2013,Daniel Christian,RCB,0.75,9.17456,-1.5692542931075053,10.743814293107505,0.75,0.75,0.0,0.75,100.0
2022,Shreyas Gopal,SRH,0.75,4.615506,-0.597012803151057,5.212518803151057,0.75,0.75,0.0,0.75,100.0
2022,Siddharth Kaul,RCB,0.75,1.5064604,-0.8401554889471718,2.3466158889471718,0.75,0.75,0.0,0.75,100.0
2021,Liam Livingstone,RR,0.75,2.0960739,-0.2424342105263157,2.3385081105263157,0.75,0.75,0.0,0.75,100.0
2014,Jason Holder,SRH,0.75,0.97329336,-0.1966992998197143,1.1699926598197143,0.75,0.6503162293381093,0.0,0.75,100.0
2018,Dhawal Kulkarni,RR,0.75,5.272362,1.0777349353056174,4.194627064694383,0.75,0.75,0.0,0.75,100.0
2018,Avesh Khan,DC,0.7,1.3512732,-2.486342261296258,3.837615461296258,0.7,0.7,0.0,0.7,100.0
2016,Jason Holder,KKR,0.7,3.9270554,2.3154817714894196,1.6115736285105804,0.7,0.7,0.0,0.7,100.0
2014,Chris Lynn,KKR,1.3,1.4178814,0.5842092574734803,0.8336721425265197,0.6766901467623794,0.7318977560256317,0.0,1.3,52.0
2018,Glenn Maxwell,DC,9.0,7.9822583,7.173242876616861,0.8090154233831388,0.6566763331242652,0.9472609751185299,0.0,9.0,7.0
2022,Mayank Markande,MI,0.65,2.3669899,0.3109778943424492,2.056012005657551,0.65,0.65,0.0,0.65,100.0
2014,Unmukt Chand,RR,0.65,2.0472736,-1.0318828351012537,3.079156435101254,0.65,0.65,0.0,0.65,100.0
2014,Parvinder Awana,PBKS,0.65,3.9860768,-3.869111253196934,7.855188053196934,0.65,0.65,0.0,0.65,100.0
2018,Kuldeep Yadav,KKR,5.8,7.6789355,6.8787317584629015,0.8002037415370982,0.6495239071555265,0.7591993062201017,0.0,5.8,11.0
2019,Prabhsimran Singh,PBKS,4.8,0.26962298,-0.4877672697368425,0.7573902497368425,0.6147722745030018,0.5521338902706597,0.0,4.8,13.0
2014,Andre Russell,KKR,0.6,0.41109845,-1.7648381095132282,2.1759365595132283,0.6,0.6,0.0,0.6,100.0
2014,Manvinder Bisla,KKR,0.6,2.0301433,-0.7786945515911283,2.8088378515911288,0.6,0.6,0.0,0.6,100.0
2017,Manpreet Gony,GL,0.6,0.9292513,-1.1829545454545456,2.112205845454546,0.6,0.6,0.0,0.6,100.0
2022,Sheldon Jackson,KKR,0.6,3.225313,-0.3681144067796613,3.593427406779661,0.6,0.6,0.0,0.6,100.0
2014,Kevin Pietersen,DC,9.0,6.804428,6.113000241080041,0.6914277589199589,0.5612306418698001,0.9188383231172927,0.0,9.0,6.0
2022,Rishi Dhawan,PBKS,0.55,4.988443,1.4961287514843962,3.492314248515604,0.55,0.55,0.0,0.55,100.0
2018,Dwayne Bravo,CSK,6.4,5.0226173,4.3884086186850055,0.6342086813149947,0.5147860216804198,0.518428171022175,0.0,6.4,8.0
2016,John Hastings,KKR,1.3,3.7411559,3.1247472564017293,0.6164086435982705,0.5003377637616626,0.6010628895248417,0.0,1.3,38.0
2015,Pragyan Ojha,MI,0.5,3.09506,-0.657287427714714,3.752347427714714,0.5,0.5,0.0,0.5,100.0
2023,Jaydev Unadkat,LSG,0.5,4.4604945,-0.7314331638755984,5.191927663875599,0.5,0.5,0.0,0.5,100.0
2022,Sandeep Sharma,PBKS,0.5,9.393589,4.307933683027347,5.0856553169726535,0.5,0.5,0.0,0.5,100.0
2023,Sikandar Raza,PBKS,0.5,8.522656,3.149431818181819,5.3732241818181805,0.5,0.5,0.0,0.5,100.0
2022,Tim Seifert,DC,0.5,2.7346442,0.3805614406779658,2.354082759322034,0.5,0.5,0.0,0.5,100.0
2023,Romario Shepherd,LSG,0.5,2.8994608,-0.13671875,3.03617955,0.5,0.5,0.0,0.5,100.0
2023,Mandeep Singh,KKR,0.5,1.7278847,-0.4375,2.1653846999999997,0.5,0.5,0.0,0.5,100.0
2022,Varun Aaron,GT,0.5,0.7512693,-0.3895887973023608,1.1408580973023608,0.5,0.5,0.0,0.5,100.0
2023,Amit Mishra,LSG,0.5,6.336013,2.8420678827751225,3.493945117224878,0.5,0.5,0.0,0.5,100.0
2017,Chris Jordan,SRH,0.5,4.4064517,-0.0650996718335427,4.4715513718335425,0.5,0.5,0.0,0.5,100.0
2020,Mohit Sharma,DC,0.5,-0.053549338,-0.8756553079947578,0.8221059699947577,0.5,0.485781181214591,0.0,0.5,100.0
2020,Deepak Hooda,PBKS,0.5,3.4946294,2.8555421525418394,0.6390872474581606,0.5,0.5,0.0,0.5,100.0
2018,Stuart Binny,RR,0.5,3.8326936,-1.237266373379359,5.069959973379358,0.5,0.5,0.0,0.5,100.0
2017,Darren Bravo,KKR,0.5,4.3609567,0.1013955802262255,4.259561119773775,0.5,0.5,0.0,0.5,100.0
2019,Heinrich Klaasen,RCB,0.5,3.525125,-0.2570929276315792,3.7822179276315793,0.5,0.5,0.0,0.5,100.0
2020,James Neesham,PBKS,0.5,0.99248,-0.9624027501149524,1.9548827501149524,0.5,0.5,0.0,0.5,100.0
2018,Ben Laughlin,RR,0.5,2.0454097,-0.4262119556526831,2.471621655652683,0.5,0.5,0.0,0.5,100.0
2012,R P Singh,MI,3.0,4.663327,4.07683783926649,0.5864891607335094,0.4760521744777846,0.6278831620900267,0.0,3.0,16.0
2013,Glenn Maxwell,MI,7.5,0.9600963,0.3771237649964711,0.5829725350035289,0.4731977358322553,0.7711906038150018,0.0,7.5,6.0
2014,Siddarth Kaul,DC,0.45,0.9588177,-1.7684801475829133,2.7272978475829133,0.45,0.45,0.0,0.45,100.0
2016,Ashish Nehra,SRH,5.5,5.2272468,4.701139735398544,0.5261070646014554,0.4270401379599397,0.5262738277838683,0.0,5.5,8.0
2018,Shreevats Goswami,SRH,1.0,1.2158219,0.7050826848249026,0.5107392151750973,0.4145660828089202,0.13085892772593832,0.0,1.0,41.0
2022,Jaydev Unadkat,MI,1.3,2.6304474,2.1258768479593027,0.5045705520406973,0.409558990273605,0.5237889261683074,0.0,1.3,32.0
2014,Rahul Shukla,DC,0.4,0.5092598,-2.788929657037443,3.2981894570374433,0.4,0.4,0.0,0.4,100.0
2014,Harshal Patel,RCB,0.4,1.4178814,-0.8285296213995236,2.2464110213995236,0.4,0.4,0.0,0.4,100.0
2022,Shikhar Dhawan,PBKS,8.25,8.719563,8.229608050847453,0.48995494915254767,0.39769553225588905,0.6418046075621617,0.0,8.25,5.0
2013,Ryan McLaren,KKR,0.375,2.7110245,-4.249528052223007,6.960552552223007,0.375,0.375,0.0,0.375,100.0
2025,Ravindra Jadeja,CSK,18.0,12.049909,11.610140818860168,0.43976818113983107,0.35695902484527425,0.2000770537553967,0.0,10.510304425425806,2.0
2018,Benjamin Stokes,RR,12.5,9.5303545,9.10306204936884,0.4272924506311604,0.3468324973073678,0.20076757528714695,0.0,10.340739339695004,3.0
2018,Anureet Singh,RR,0.3,2.250323,-0.6805055561433808,2.9308285561433807,0.3,0.3,0.0,0.3,100.0
2021,J Suchith,SRH,0.3,2.239006,0.1374870705259702,2.1015189294740297,0.3,0.3,0.0,0.3,100.0
2014,Abu Nechim Ahmed,RCB,0.3,3.3089092,1.9105041717328408,1.3984050282671592,0.3,0.3,0.0,0.3,100.0
2014,Dishant Yagnik,RR,0.3,8.513785,-0.2691297010607522,8.782914701060752,0.3,0.3,0.0,0.3,100.0
2014,Kevon Cooper,RR,0.3,4.1563106,3.4768086243763316,0.6795019756236687,0.3,0.3,0.0,0.3,100.0
2014,Mithun Manhas,CSK,0.3,4.0877175,1.04210462873674,3.04561287126326,0.3,0.3,0.0,0.3,100.0
2022,Basil Thampi,MI,0.3,1.399535,-0.4769108280254812,1.8764458280254812,0.3,0.3,0.0,0.3,100.0
2016,Rudra Pratap Singh,RPS,0.3,2.0270576,-0.2266478217492533,2.2537054217492534,0.3,0.3,0.0,0.3,100.0
2021,Jagadeesha Suchith,SRH,0.3,2.239006,0.1374870705259702,2.1015189294740297,0.3,0.3,0.0,0.3,100.0
2017,Saurabh Tiwary,MI,0.3,3.977725,0.532839338081275,3.444885661918725,0.3,0.3,0.0,0.3,100.0
2017,Munaf Patel,GL,0.3,4.0030527,0.5080063887725169,3.4950463112274828,0.3,0.3,0.0,0.3,100.0
2015,Juan Theron,RR,0.3,1.1164359,-0.330794387032674,1.4472302870326739,0.3,0.3,0.0,0.3,100.0
2022,Jason Holder,LSG,8.75,2.265806,1.8983755342253472,0.36743046577465277,0.29824263415652025,0.5317473817282885,0.0,8.75,3.0
2016,Sanju Samson,DC,4.2,1.9656799,1.6004419191919226,0.36523798080807746,0.2964629981364058,0.3783588773327467,0.0,4.2,7.0
2014,Rajat Bhatia,RR,1.7,8.912899,8.561741593643863,0.3511574063561369,0.2850338217175966,0.2445903727486745,0.0,1.7,17.0
2014,Brendon McCullum,CSK,3.25,7.2634573,6.9127953230472485,0.35066197695275125,0.28463168258089544,0.29586703733685393,0.0,3.25,9.0
2017,Aditya Tare,DC,0.25,0.06211415,-0.993022098868872,1.055136248868872,0.25,0.25,0.0,0.25,100.0
2012,Herschelle Gibbs,MI,0.25,4.774437,-1.5296511627906997,6.304088162790699,0.25,0.25,0.0,0.25,100.0
2020,Rahul Tripathi,KKR,0.6,4.455255,4.15702828813065,0.2982267118693498,0.24207007422814603,0.3413077095101672,0.0,0.6,40.0
2022,Ripal Patel,DC,0.2,4.2909174,0.3757944915254236,3.9151229084745762,0.2,0.2,0.0,0.2,100.0
2023,Murugan Ashwin,RR,0.2,1.9285029,-1.5285586124401904,3.45706151244019,0.2,0.2,0.0,0.2,100.0
2023,Vishnu Vinod,MI,0.2,0.953657,0.25,0.703657,0.2,0.2,0.0,0.2,100.0
2023,Sanvir Singh,SRH,0.2,4.446895,0.14453125,4.30236375,0.2,0.2,0.0,0.2,100.0
2023,Prerak Mankad,LSG,0.2,2.9596267,1.5078125,1.4518141999999998,0.2,0.2,0.0,0.2,100.0
2023,Kulwant Khejroliya,KKR,0.2,3.0289767,-2.2919856459330132,5.3209623459330135,0.2,0.2,0.0,0.2,100.0
2023,Anmolpreet Singh,SRH,0.2,2.9563096,1.77734375,1.17896585,0.2,0.2,0.0,0.2,100.0
2022,Tushar Deshpande,CSK,0.2,0.7262459,-0.2500702510303494,0.9763161510303494,0.2,0.2,0.0,0.2,100.0
2018,Kshitiz Sharma,CSK,0.2,8.179778,0.2204457166223665,7.959332283377634,0.2,0.2,0.0,0.2,100.0
2016,Pradeep Sangwan,GL,0.2,1.4867209,-1.5120552045227802,2.99877610452278,0.2,0.2,0.0,0.2,100.0
2019,Arshdeep Singh,PBKS,0.2,2.3733563,-1.976144910018801,4.3495012100188015,0.2,0.2,0.0,0.2,100.0
2021,Akash Singh,RR,0.2,0.14752321,-0.6442152917505037,0.7917385017505038,0.2,0.2,0.0,0.2,100.0
2021,Kuldip Yadav,RR,0.2,3.5317378,-0.520531758482351,4.052269558482351,0.2,0.2,0.0,0.2,100.0
2021,Sachin Baby,RCB,0.2,2.8324702,-1.2964274785801717,4.128897678580172,0.2,0.2,0.0,0.2,100.0
2019,Nikhil Shankar Naik,KKR,0.2,1.37824,-1.4745579769736843,2.852797976973684,0.2,0.2,0.0,0.2,100.0
2016,Shadab Jakati,GL,0.2,0.66766024,-0.066761101201573,0.734421341201573,0.2,0.2,0.0,0.2,100.0
2016,Rajagopal Sathish,KKR,0.2,3.5685167,-0.5127178502685661,4.081234550268566,0.2,0.2,0.0,0.2,100.0
2016,Pravin Tambe,GL,0.2,0.12541533,-1.5950443955685891,1.7204597255685892,0.2,0.2,0.0,0.2,100.0
2022,Priyam Garg,SRH,0.2,4.773221,1.633739406779661,3.1394815932203395,0.2,0.2,0.0,0.2,100.0
2015,C M Gautam,DC,0.2,2.277082,-0.1791914682539682,2.4562734682539684,0.2,0.2,0.0,0.2,100.0
2018,Ankit Sharma,RR,0.2,2.0858634,-0.1884021672459619,2.274265567245962,0.2,0.2,0.0,0.2,100.0
2020,Prince Balwant Rai Singh,MI,0.2,3.0576842,-0.1083041703120444,3.1659883703120446,0.2,0.2,0.0,0.2,100.0
2020,Nikhil Shankar Naik,KKR,0.2,0.20954986,-0.2716608340624089,0.4812106940624089,0.2,0.2,0.0,0.2,100.0
2022,Anmolpreet Singh,MI,0.2,4.2909174,0.0034427966101693,4.28747460338983,0.2,0.2,0.0,0.2,100.0
2014,Vikramjeet Malik,RR,0.2,6.660461,-0.2256444698335507,6.88610546983355,0.2,0.2,0.0,0.2,100.0
2022,N Jagadeesan,CSK,0.2,3.7806618,0.0105932203389826,3.770068579661017,0.2,0.2,0.0,0.2,100.0
2014,Srikkanth Anirudha,SRH,0.2,4.6099815,-0.2659414175506268,4.875922917550627,0.2,0.2,0.0,0.2,100.0
2014,Shadab Jakati,RCB,0.2,1.6197087,-1.0367838874680313,2.656492587468031,0.2,0.2,0.0,0.2,100.0
2022,Anukul Roy,KKR,0.2,1.9010156,0.8115075553593984,1.0895080446406016,0.2,0.2,0.0,0.2,100.0
2014,C M Gautam,MI,0.2,0.808714,0.2551591128254582,0.5535548871745418,0.2,0.2,0.0,0.2,100.0
2022,Mohammed Arshad Khan,MI,0.2,4.733447,-0.09375,4.827197,0.2,0.2,0.0,0.2,100.0
2022,Aman Khan,KKR,0.2,6.4958587,4.93899918477052,1.5568595152294806,0.2,0.2,0.0,0.2,100.0
2022,Manan Vohra,LSG,0.2,1.6897511,0.8781779661016946,0.8115731338983054,0.2,0.2,0.0,0.2,100.0
2019,Sarfaraz Naushad Khan,PBKS,0.25,2.322496,2.0988480905722935,0.22364790942770663,0.1815345972759548,0.0,0.0,0.25,73.0
2022,Mustafizur Rahman,DC,2.0,6.4938726,6.352743223355403,0.14112937664459757,0.11455445578964864,0.03683404988519272,0.0,2.0,6.0
2022,Umran Malik,SRH,4.0,1.9010156,1.7690491423817576,0.13196645761824244,0.10711693124681697,0.25235358343152,0.0,4.0,3.0
2023,Adam Zampa,RR,1.5,2.5394626,2.4138494318181856,0.12561316818181423,0.10195997788127528,0.33013544042832654,0.0,1.5,7.0
2022,Ravindra Jadeja,CSK,16.0,8.384258,8.26003369271167,0.12422430728833156,0.1008326420451574,0.0,0.0,9.644682014371147,1.0
2017,Ishank Jaggi,KKR,0.1,0.6053562,-1.0638353581901958,1.669191558190196,0.1,0.1,0.0,0.1,100.0
2017,Shashank Singh,DC,0.1,3.2516122,-0.5141664921100411,3.765778692110041,0.1,0.1,0.0,0.1,100.0
2014,Amit Mishra,RR,0.1,13.81035,-0.4068768081002948,14.217226808100294,0.1,0.1,0.1,0.1,100.0
2017,Akshdeep Nath,GL,0.1,1.9921591,-0.1297208839547549,2.121879983954755,0.1,0.1,0.0,0.1,100.0
2016,Swapnil Singh,PBKS,0.1,4.49601,-0.4349044947311493,4.930914494731149,0.1,0.1,0.0,0.1,100.0
2016,Sarabjit Ladda,GL,0.1,2.0335293,-0.4107864981709346,2.4443157981709347,0.1,0.1,0.0,0.1,100.0
2014,Pawan Negi,CSK,0.1,2.4178338,-1.5093957800511513,3.927229580051151,0.1,0.1,0.0,0.1,100.0
2014,Pawan Suyal,MI,0.1,0.97329336,-0.4726118925831208,1.4459052525831209,0.1,0.1,0.0,0.1,100.0
2014,Yogesh Takawale,RCB,0.1,2.1464343,1.2066779170684665,0.9397563829315336,0.1,0.1,0.0,0.1,100.0
2013,Manpreet Gony,PBKS,3.75,0.19834554,0.088662226534931,0.10968331346506899,0.08902974406836506,0.28268664529666887,0.0,3.75,2.0
2022,Shashank Singh,SRH,0.2,2.7874143,2.718821144051919,0.06859315594808102,0.05567693868807088,0.0,0.0,0.2,28.0
2018,Faf Du Plessis,CSK,1.6,2.3790774,2.313351167315176,0.06572623268482403,0.05334986234137846,0.0,0.0,1.6,3.0
2021,Tom Curran,DC,5.0,0.20537955,0.1459266461683173,0.059452903831682696,0.048257812834415555,0.05713042709216902,0.0,5.0,1.0
2022,James Neesham,RR,1.5,0.31968996,0.2832838070184342,0.0364061529815658,0.02955080750268169,0.0,0.0,1.5,2.0
2014,Sachin Rana,RCB,0.2,0.92949706,0.8945093497127994,0.0349877102872006,0.028399460173124644,0.2,0.0,0.2,14.0
2022,Matthew Wade,GT,2.4,1.5718338,1.5384004237288131,0.03343337627118692,0.027137810107396798,0.05621872315929942,0.0,2.4,1.0
2014,Ravi Rampaul,RCB,0.9,2.236994,2.2091885036266814,0.02780549637331875,0.022569670331839514,0.0,0.0,0.9,3.0
