year,player_name,team,ipl_war_lag1,ipl_career_war,t20i_war_12m,predicted_war,actual_war,prediction_error,overpaid,underpaid,final_price_cr
2012,Ravindra Jadeja,CSK,15.865192596697865,30.018168542703,,11.972372,7.631980436464989,-4.340391618588722,True,False,9.78
2012,Brendon McCullum,KKR,12.10532951732673,32.65714974413363,,9.987948,-0.6319767441860478,-10.619925161849622,True,False,4.5
2012,Parthiv Patel,DCH,4.201309173886138,6.782696733080481,,7.3515854,2.9898671096345524,-4.361718278549041,True,False,3.25
2012,R P Singh,MI,8.227799443749328,20.468017033585316,,4.663327,4.07683783926649,-0.5864893778355604,True,False,3.0
2012,Brad Hodge,RR,10.247253618519474,21.14283809818079,,9.609708,6.938630696082678,-2.671077136253748,True,False,2.375
2012,Sreesanth,RR,8.081103435935978,11.06485183120526,,5.536834,,,False,False,2.0
2012,Muttiah Muralitharan,RCB,1.74805682019095,47.07046036910715,,15.275319,9.81507355554188,-5.460245543884389,False,False,1.1
2012,James Faulkner,PBKS,0.8155391483516485,0.8155391483516485,,1.2025393,-0.6494769832437857,-1.8520163080042227,False,False,0.95
2012,Ramesh Powar,PBKS,-1.6795586587762472,13.326698024643797,,6.9028306,-0.8248197366068766,-7.727650337345402,False,False,0.8
2012,Darren Bravo,DCH,3.0363334376020026,20.75950940750027,,7.030452,16.69999466945788,9.669542894860712,False,True,0.5
2012,Herschelle Gibbs,MI,5.385079225352111,14.8037576515128,,4.774437,-1.5296511627906997,-6.304088113474293,False,False,0.25
2013,Glenn Maxwell,MI,-0.0572248197960003,-0.0572248197960003,,0.9600963,0.3771237649964711,-0.5829725346518138,True,False,7.5
2013,Abhishek Nayar,PWI,-1.592187974217797,16.001806271263398,,-1.040363,0.7590258174547166,1.7993887715944261,False,False,5.0625
2013,Dirk Nannes,CSK,0.4282065590659352,16.686446843865262,,6.43817,1.1826923076923066,-5.255477648514969,True,False,4.5
2013,Jaydev Unadkat,RCB,-0.8248197366068766,0.3821986356458724,,-0.90541834,5.137977828746171,6.04339616513762,False,False,3.9375
2013,Manpreet Gony,PBKS,-1.0133502858101069,4.098021857452823,,0.19834554,0.088662226534931,-0.10968331541910953,True,False,3.75
2013,Johan Botha,DC,6.482104850427067,24.651953703337558,,7.5585003,2.6162697012467646,-4.942230588670228,True,False,3.375
2013,James Faulkner,RR,-0.6494769832437857,0.16606216510786287,,-0.63826585,14.235252734650654,14.873518582810444,False,False,3.0
2013,Michael Clarke,PWI,2.597311021145769,2.597311021145769,,5.4817443,,,False,False,3.0
2013,Ricky Ponting,MI,-1.44359680693983,-1.44359680693983,,0.9600963,-2.50684250764526,-3.4669388072935448,False,False,3.0
2013,Rudra Pratap Singh,RCB,4.07683783926649,24.544854872851808,,8.374514,1.4423076923076863,-6.9322059337909465,False,False,3.0
2013,Luke Pomersbach,PBKS,1.8088818842821777,8.355279324787336,,3.6067226,0.1393348623853221,-3.467387730922173,False,False,2.25
2013,Moises Henriques,RCB,0.9147007042253518,0.5564800346926841,,0.25766644,5.045245971536106,4.787579532718128,False,True,2.25
2013,Jesse Ryder,DC,2.6713654760238423,21.92706341737508,,10.293082,,,False,False,1.95
2013,Fidel Edwards,RR,5.172823536263991,5.172823536263991,,2.7642019,,,False,False,1.575
2013,Pankaj Singh,RCB,1.0276607472737034,-4.120529949006969,,0.26905036,,,False,False,1.125
2013,Clinton McKay,SRH,-1.0123423975976629,-1.0123423975976629,,0.9600963,,,False,False,0.75
2013,Daniel Christian,RCB,2.3114977516693944,13.595455839914694,,9.17456,-1.5692542931075053,-10.743813886308189,False,False,0.75
2013,Nathan McCullum,SRH,1.477366976695953,1.477366976695953,,0.69574493,,,False,False,0.75
2013,Sudeep Tyagi,SRH,-1.1255831866197212,0.853211704161474,,2.1933155,,,False,False,0.75
2013,Jacob Oram,MI,-1.953027906885812,-2.859483610070945,,-0.7070326,0.9999999999999992,1.707032620906829,False,True,0.375
2013,Ryan McLaren,KKR,-3.6420050652472504,1.53338555975275,,2.7110245,-4.249528052223007,-6.960552575004379,False,False,0.375
2014,Yuvraj Singh,RCB,10.896591243236884,68.54682235357812,4.7903232878896596,14.784033,12.222695065196422,-2.561337756458851,True,False,14.0
2014,MS Dhoni,CSK,22.308696483180427,88.12261875681341,0.3282049748863911,18.129005,13.302422854387656,-4.8265825777412505,True,False,12.5
2014,Rohit Sharma,MI,18.87559177252412,113.28011360588928,,15.277308,9.491101054463124,-5.786207409587169,True,False,12.5
2014,Gautam Gambhir,KKR,8.797075688073399,70.36396153650222,,13.92647,3.2903266634522623,-10.636143139404183,True,False,12.5
2014,Shane Watson,RR,25.732835656316148,107.50261785400801,,16.889267,8.24735456584629,-8.641912401927147,True,False,12.5
2014,Virat Kohli,RCB,24.05627866972477,62.84506559960315,,15.0394335,6.290326663452262,-8.74910681585682,True,False,12.5
2014,Shikhar Dhawan,SRH,7.825095565749237,44.8083589796942,,12.585709,4.5664898746383855,-8.019218743525677,True,False,12.5
2014,David Miller,PBKS,21.792650993883793,24.309096176608044,,14.102995,16.396196962391514,2.2932020435682716,False,False,12.5
2014,Suresh Raina,CSK,23.852821394965897,126.77395340389677,,16.889267,21.32558765879837,4.436320691024932,False,False,9.5
2014,Harbhajan Singh,MI,20.95516790167019,86.66903975828009,5.3676139978633755,18.60726,16.980314347406807,-1.6269454029594037,True,False,9.5
2014,Sunil Narine,KKR,23.110547518231,44.685371357919976,,13.554703,18.1717537524632,4.6170509936741375,False,False,9.5
2014,James Faulkner,RR,14.235252734650654,14.401314899758518,,4.142853,5.469545354492471,1.326692571289346,False,False,9.5
2014,AB de Villiers,RCB,19.841494648318044,62.312907704066596,-2.0309834170453644,16.375185,16.68698770491803,0.3118026921006489,False,False,9.5
2014,Dale Steyn,SRH,24.547782139496576,83.16050990369735,,15.227507,7.845282378097347,-7.382224259475895,True,False,9.5
2014,Kevin Pietersen,DC,11.660607303664303,28.475063540789773,,6.804428,6.113000241080041,-0.6914278595058967,True,False,9.0
2014,Ravichandran Ashwin,CSK,10.093676487885194,60.36810397248036,,12.791124,14.1507763301329,1.359651986260829,False,False,7.5
2014,Kieron Pollard,MI,15.727939014349566,57.662136853008064,,8.893297,4.069317848308241,-4.823979347126329,True,False,7.5
2014,Ajinkya Rahane,RR,5.0627675840978625,23.814562410770435,,6.853393,4.174891513982644,-2.678501563867698,True,False,7.5
2014,Chris Gayle,RCB,31.842557633498,124.39693247727854,,15.111699,0.4006027000964316,-14.71109640421265,True,False,7.5
2014,Mitchell Johnson,PBKS,11.365089831804282,11.365089831804282,,3.4053578,7.393919280114031,3.988561442437029,False,False,6.5
2014,Glenn Maxwell,PBKS,0.3771237649964711,0.3198989452004708,,1.8911502,25.38821590289715,23.49706566676739,False,False,6.0
2014,David Warner,SRH,11.785808486238537,50.052972804100165,,9.716644,16.519322565091606,6.802678277982231,False,False,5.5
2014,Jacques Kallis,KKR,6.189182692307689,56.1946664776349,,10.680223,2.8582875455955694,-7.821935919370251,True,False,5.5
2014,Ravindra Jadeja,CSK,13.248112944013169,50.89826192318116,,14.468521,9.70962166156555,-4.758899456598513,True,False,5.5
2014,Sanju Samson,RR,4.536515672782876,4.536515672782876,,3.7672365,6.482280617164896,2.715044145988749,False,False,5.5
2014,Michael Hussey,MI,22.88857033639144,47.67396644175898,,16.494766,2.1537909836065587,-14.340975251745004,True,False,5.0
2014,Murali Vijay,DC,4.276251911314986,48.515519746223134,,12.741835,0.1118761791958422,-12.629958461307087,True,False,5.0
2014,Robin Uthappa,KKR,8.623232033639141,50.709962700054504,,6.2455945,20.3286824975892,14.083087996093838,False,False,5.0
2014,Faf Du Plessis,CSK,9.105735613822068,9.105735613822068,,3.3454244,7.109811957569914,3.7643875438888834,False,False,4.75
2014,Dwayne Smith,CSK,8.816070483415661,29.690565623800218,,4.406795,15.41631582533227,11.009520800460443,False,False,4.5
2014,Bhuvneshwar Kumar,SRH,12.476817219477764,20.982782230745542,,5.1820946,15.128004538593764,9.945909964619155,False,False,4.25
2014,Mohammed Shami,DC,-0.5697262408844999,-0.5697262408844999,,1.4178814,3.942163169259146,2.524281799668387,False,False,4.25
2014,Nathan Coulter-Nile,DC,1.1158565631616089,1.1158565631616089,,0.808714,1.456528132992326,0.6478141604238141,False,False,4.25
2014,Piyush Chawla,KKR,7.687411785462235,40.058853751268025,,4.1754436,7.538299547188792,3.3628558978968,False,False,4.25
2014,Aaron Finch,SRH,14.261032698188664,16.17497756618275,,4.2440557,4.270540019286408,0.02648427130056774,False,False,4.0
2014,Steven Smith,RR,3.994514525993884,14.136431934366472,,6.4178815,4.258347396335582,-2.159534092464467,True,False,4.0
2014,Dwayne Bravo,CSK,6.572912255939761,44.03241633289792,,11.033048,0.615435149469624,-10.417612526616802,True,False,4.0
2014,Ambati Rayudu,MI,5.274894877675841,38.09422404569932,,9.213223,7.181268081002891,-2.031955376333535,True,False,4.0
2014,Stuart Binny,RR,17.862200070571625,21.37852574568276,,10.196971,1.6457416879795377,-8.551229251656693,True,False,4.0
2014,Manan Vohra,PBKS,6.259202981651377,6.259202981651377,,1.8211024,9.222058823529409,7.400956442776845,False,False,4.0
2014,Karn Sharma,SRH,7.221744148435652,7.007713353496526,,8.692586,9.328549065028714,0.6359631198993192,False,False,3.75
2014,Darren Sammy,SRH,8.392107739355442,8.392107739355442,,3.5840256,-2.4563990503542836,-6.040424671768468,True,False,3.5
2014,Quinton De Kock,DC,-1.146177370030581,-1.146177370030581,,0.40353987,2.204146576663451,1.8006067104544208,False,False,3.5
2014,Brendon McCullum,CSK,-0.079577599388379,31.945595400559206,,7.2634573,6.9127953230472485,-0.35066197523156006,True,False,3.25
2014,George Bailey,PBKS,-0.8599911971830987,0.2445982036285499,,2.6906984,7.769226133076181,5.0785277478375335,False,False,3.25
2014,Pragyan Ojha,MI,5.9394171959538875,39.90529735143493,,6.348916,3.7529911743742375,-2.595924879397735,True,False,3.25
2014,Yusuf Pathan,KKR,12.496992619383672,107.38299084638601,,12.841043,11.829336400989476,-1.0117070713005631,True,False,3.25
2014,Virender Sehwag,PBKS,7.87175664549518,100.28441562645158,,15.399049,14.060113307618131,-1.3389354976186851,True,False,3.2
2014,Rishi Dhawan,PBKS,2.203574894142552,2.203574894142552,,3.8879833,8.644312240576905,4.756328918433351,False,False,3.0
2014,Jaydev Unadkat,DC,5.137977828746171,5.520176464392043,,5.474452,-0.2726367343088364,-5.747088753046629,True,False,2.8
2014,Manoj Tiwary,DC,1.4214258409785927,17.955470883730747,,3.0968227,1.9627771896356547,-1.1340455490118062,True,False,2.8
2014,Morne Morkel,KKR,3.694667431192654,23.202492054781654,,8.041227,9.664788426061795,1.6235610853635531,False,False,2.8
2014,Ranganath Vinay Kumar,KKR,3.5355122324159023,14.19287366742353,,7.486124,-1.096684992243512,-8.582809030939801,True,False,2.8
2014,Shakib Al Hasan,KKR,8.77216924456369,14.906953803677226,10.326985616846471,7.297785,22.789072208712415,15.491287403414564,False,False,2.8
2014,Ishant Sharma,SRH,5.855769230769226,24.174835509105108,,6.9696746,0.011304347826087,-6.958370239423669,True,False,2.6
2014,Umesh Yadav,KKR,-2.6315477240649345,8.669887500072955,,4.689454,4.701572313529823,0.012118234855506671,False,False,2.6
2014,Zaheer Khan,MI,0.7019230769230758,24.94553425916883,,4.0022693,6.246946721311472,2.2446774532755835,False,False,2.6
2014,Brad Hodge,RR,10.741978358033409,38.82344715229687,,8.305562,3.1390670202507227,-5.166494999097422,True,False,2.4
2014,Irfan Pathan,SRH,5.92596815455186,63.64473893281563,,8.601123,0.0743122929856161,-8.526810563154521,True,False,2.4
2014,Jean-Paul Duminy,DC,6.284861983009179,33.28762897401352,,6.2574167,19.04235687182927,12.784940146670579,False,False,2.2
2014,Shaun Marsh,PBKS,7.161162079510703,64.41989430312483,,10.379527,1.8278326904532312,-8.551694401526749,True,False,2.2
2014,Wriddhiman Saha,PBKS,1.994868119266056,14.314883136887584,,3.3361464,12.561987704918032,9.225841350242739,False,False,2.2
2014,Ashish Nehra,CSK,-2.4480886850152905,16.718834315931076,,0.41287652,-0.5929955242966756,-1.0058720408772572,False,False,2.0
2014,Kedar Jadhav,DC,3.949092125382263,6.226519681903319,,6.7283554,5.293418514946961,-1.4349368927678832,False,False,2.0
2014,Mohit Sharma,CSK,12.359367648788515,12.359367648788515,,2.5907135,2.8237088067586225,0.23299530578205996,False,False,2.0
2014,Varun Aaron,RCB,-1.2656297929096758,1.0564027363648885,,2.1348784,5.618663578047037,3.4837851810591216,False,False,2.0
2014,Cheteshwar Pujara,PBKS,-0.351108562691131,1.0574126297988293,,1.6504152,-0.9112885728061711,-2.5617037549198187,False,False,1.9
2014,Rahul Sharma,DC,18.87559177252412,113.28011360588928,,15.277308,9.491101054463124,-5.786207409587169,False,False,1.9
2014,Lakshmipathy Balaji,PBKS,3.89181222065396,15.739912568283174,,4.4956017,0.8251442287535067,-3.6704574252992277,False,False,1.8
2014,Manish Pandey,KKR,0.5269590978593293,19.383146579379172,,4.1801567,5.105406219864996,0.925249512101324,False,True,1.7
2014,Rajat Bhatia,RR,7.064063602681717,28.677795070931644,,8.912899,8.561741593643863,-0.3511574236901218,False,False,1.7
2014,Aditya Tare,MI,5.420068807339449,6.947489581987337,,9.093062,2.674795081967213,-6.418267318850658,False,False,1.6
2014,Mayank Agarwal,DC,0.7902905198776757,11.169737054582532,,4.686807,2.453489633558341,-2.2333175220507897,False,False,1.6
2014,Ashok Dinda,RCB,-5.813237326511418,16.914758783589658,,3.081844,1.1950133118108195,-1.8868307796045858,False,False,1.5
2014,Ishwar Chandra Pandey,CSK,-2.160099094330746,-2.160099094330746,,0.40353987,6.011141304347824,5.6076014381387935,False,True,1.5
2014,Laxmi Ratan Shukla,DC,-0.8002594977652322,10.282588901781303,,3.8987982,-1.2181304767095735,-5.116928704019754,False,False,1.5
2014,Parthiv Patel,RCB,5.81860665137615,15.591170494091184,,5.2825418,1.1410378495660538,-4.1415039022955185,False,False,1.4
2014,Chris Lynn,KKR,-0.5307308970099669,-0.5307308970099669,,1.4178814,0.5842092574734803,-0.833672112117279,False,False,1.3
2014,Jasprit Bumrah,MI,-1.4615384615384626,-1.4615384615384626,,0.40353987,6.950936124271514,6.547396258062484,False,True,1.2
2014,Tim Southee,RR,-0.3917367788461519,-0.3917367788461519,,1.4178814,1.944411188210136,0.5265298186193768,False,True,1.2
2014,Dhawal Kulkarni,RR,1.4711538461538431,8.087040398658488,,4.377335,4.812161230137098,0.4348261585733777,False,True,1.1
2014,Abhishek Nayar,RR,0.7590258174547166,16.760832088718118,,0.99061155,-1.034414175506268,-2.025025728698407,False,False,1.0
2014,Ben Hilfenhaus,CSK,7.675764257195638,7.675764257195638,,3.3030236,0.6449008951406654,-2.658122681595785,False,False,1.0
2014,KL Rahul,SRH,0.6038226299694189,0.6038226299694189,,0.97329336,-0.5292550626808072,-1.5025484267288114,False,False,1.0
2014,Kane Richardson,RR,-0.2567836979534261,-0.2567836979534261,,1.4178814,4.776900287199695,3.3590189176089353,False,True,1.0
2014,Moises Henriques,SRH,5.045245971536106,5.60172600622879,,6.8167796,-0.9624716468911176,-7.7792512603859905,False,False,1.0
2014,Murali Kartik,PBKS,5.356005204657719,35.24357466682366,,5.269232,-2.2694277493606148,-7.538659545625263,False,False,1.0
2014,Muttiah Muralitharan,RCB,0.4038461538461497,57.289380078495185,,10.550689,2.7719725063938583,-7.77871623719745,False,False,1.0
2014,Ryan Ten Doeschate,KKR,3.2741862208892023,9.154902323407951,,8.293713,3.469626797618548,-4.824085818348249,False,False,1.0
2014,Wayne Parnell,DC,-1.0411160609268424,7.795735220061234,,0.93568873,5.925944404846756,4.990255670792191,False,True,1.0
2014,Parveez Rasool,SRH,1.1257079216654895,1.1257079216654895,,0.9588177,0.0313682864450122,-0.9274494339681958,False,False,0.95
2014,Ravi Rampaul,RCB,6.589606122088912,6.589606122088912,,2.236994,2.2091885036266814,-0.027805524464749265,False,False,0.9
2014,Sandeep Sharma,PBKS,0.593027375911545,0.593027375911545,,0.97329336,2.245199886797197,1.2719065227491928,False,True,0.85
2014,Shahbaz Nadeem,DC,11.761739149611849,21.573672875889503,,4.8082404,2.730815531843518,-2.0774248818222536,False,False,0.85
2014,Mandeep Hardev Singh,PBKS,5.479472477064224,15.212443870464629,,1.190299,-0.5892719382835101,-1.7795709724021624,False,False,0.8
2014,Jason Holder,SRH,0.0096153846153796,0.0096153846153796,,0.97329336,-0.1966992998197143,-1.1699926638677185,False,False,0.75
2014,Karun Nair,RR,-0.2971330275229358,-0.2971330275229358,,1.4178814,10.869376808100288,9.451495438509529,False,True,0.75
2014,Saurabh Tiwary,DC,0.2332473241590218,20.26386143432357,,5.02442,,,False,False,0.7
2014,Suryakumar Yadav,KKR,-0.5122923588039867,-0.5122923588039867,,1.4178814,4.847809158945118,3.429927789354359,False,True,0.7
2014,Parvinder Awana,PBKS,4.519938690896258,8.843648684855971,,3.9860768,-3.869111253196934,-7.855188085014561,False,False,0.65
2014,Unmukt Chand,RR,0.4326930428134581,-0.6362899110778617,,2.0472736,-1.0318828351012537,-3.0791564709655113,False,False,0.65
2014,Andre Russell,KKR,-1.2872816690190554,-1.8331625458056302,,0.41109845,-1.7648381095132282,-2.175936559935515,False,False,0.6
2014,Manvinder Bisla,KKR,2.4842507645259957,11.665627937700604,,2.0301433,-0.7786945515911283,-2.8088378125469387,False,False,0.6
2014,Naman Ojha,SRH,-0.060110856269113,21.41092536337478,,5.557879,7.207991803278688,1.6501128321788343,False,True,0.5
2014,Siddarth Kaul,DC,1.3276309985885646,1.3276309985885646,,0.9588177,-1.7684801475829133,-2.7272978679961213,False,False,0.45
2014,Harshal Patel,RCB,-0.3789155479787371,-0.3789155479787371,,1.4178814,-0.8285296213995236,-2.2464109909902827,False,False,0.4
2014,Rahul Shukla,DC,-0.9389452481768992,-1.587366081261936,,0.5092598,-2.788929657037443,-3.298189477021879,False,False,0.4
2014,Veer Pratap Singh,KKR,-0.4079044465927232,-0.4079044465927232,,1.4178814,,,False,False,0.4
2014,Abu Nechim Ahmed,RCB,1.6442307692307685,1.3450929253066986,,3.3089092,1.9105041717328408,-1.3984050060473106,False,False,0.3
2014,Dishant Yagnik,RR,3.8924025229357806,4.662898372938658,,8.513785,-0.2691297010607522,-8.782915063304404,False,False,0.3
2014,Kevon Cooper,RR,4.286986885438718,9.38396171617297,,4.1563106,3.4768086243763316,-0.6795019339427602,False,False,0.3
2014,Marchant De Lange,MI,-2.2104701746022286,-2.2104701746022286,,0.40353987,0.5751515659720754,0.17161169976304524,False,True,0.3
2014,Mithun Manhas,CSK,-0.3896884556574922,8.166683707297189,,4.0877175,1.04210462873674,-3.045612904374832,False,False,0.3
2014,Prasanth Parameswaran,SRH,-0.4444141610479025,-0.8593414464017799,,1.945715,,,False,False,0.3
2014,Samuel Badree,CSK,-0.0480769230769233,-0.0480769230769233,,0.97329336,3.292036445012787,2.318743080964783,False,True,0.3
2014,Amit Paunikar,SRH,-0.5571240717821784,-0.6723089309371079,,2.367005,,,False,False,0.2
2014,Anureet Singh,PBKS,-0.1544150314698251,-0.1544150314698251,,1.0374123,,,False,False,0.2
2014,Ashish Reddy,SRH,3.180156139731828,3.774378143892917,,7.3283267,,,False,False,0.2
2014,C M Gautam,MI,1.1150898318042817,1.1150898318042817,,0.808714,0.2551591128254582,-0.5535548597430537,False,False,0.2
2014,Debabrata Das,KKR,0.3681574923547401,5.372354151638607,,3.8421025,,,False,False,0.2
2014,Sachin Rana,RCB,0.906613296975302,0.906613296975302,,0.92949706,0.8945093497127994,-0.03498771344714324,False,False,0.2
2014,Shadab Jakati,RCB,0.9600509970044028,12.932951670901472,,1.6197087,-1.0367838874680313,-2.6564925447327408,False,False,0.2
2014,Srikkanth Anirudha,SRH,-0.2370221712538226,3.4062959427518322,,4.6099815,-0.2659414175506268,-4.875922954415861,False,False,0.2
2014,Vikramjeet Malik,RR,3.182692307692305,3.980023341776157,,6.660461,-0.2256444698335507,-6.8861054187776425,False,False,0.2
2014,Amit Mishra,RR,14.620281257351202,55.553934931273375,,13.81035,-0.4068768081002948,-14.217227226191115,False,False,0.1
2014,Ankit Nagendra Sharma,RR,-0.0480769230769233,5.592611728520625,,1.6696382,3.6959074567104095,2.0262692998195404,False,True,0.1
2014,Manprit Juneja,SRH,-0.2554854740061163,-0.2554854740061163,,1.4178814,,,False,False,0.1
2014,Pawan Negi,CSK,0.9999999999999992,5.993861477374842,,2.4178338,-1.5093957800511513,-3.92722958513538,False,False,0.1
2014,Pawan Suyal,MI,0.5384615384615379,0.5384615384615379,,0.97329336,-0.4726118925831208,-1.445905256631125,False,False,0.1
2014,Pravin Tambe,RR,0.2312411785462219,0.2312411785462219,,0.97329336,10.338019003396072,9.364725639348068,False,True,0.1
2014,Shivam Sharma,PBKS,0.593027375911545,0.593027375911545,,0.97329336,2.9549236405182153,1.9816302764702112,False,True,0.1
2014,Yogesh Takawale,RCB,-0.236225829553593,0.28767644065681713,,2.1464343,1.2066779170684665,-0.9397563900299222,False,False,0.1
2014,Yuzvendra Singh Chahal,RCB,-0.2211538461538467,-0.2211538461538467,,1.1758853,13.124349136304549,11.94846381659477,False,True,0.1
2015,Yuvraj Singh,DC,12.222695065196422,80.76951741877456,-4.175421823020469,11.284847,2.5842828213869264,-8.700564438134558,True,False,16.0
2015,Angelo Mathews,DC,6.703398465067039,20.771768127287352,,4.74068,6.2583614814616535,1.5176812637187336,False,False,7.5
2015,Zaheer Khan,DC,6.246946721311472,31.192480980480305,,3.5287492,8.770454058684944,5.24170483116114,False,False,4.0
2015,Amit Mishra,DC,-0.4068768081002948,55.14705812317308,,5.3774786,6.251638057459363,0.8741594579110235,False,False,3.5
2015,Aaron Finch,MI,4.270540019286408,20.445517585469155,,4.196266,-1.6076636904761896,-5.803929864792596,True,False,3.2
2015,Murali Vijay,PBKS,0.1118761791958422,48.62739592541898,,4.1654882,0.6601027239356574,-3.50538551916737,True,False,3.0
2015,Darren Sammy,RCB,-2.4563990503542836,5.935708689001158,,5.419303,-0.7435204272863567,-6.162823367655009,True,False,2.8
2015,Praveen Kumar,SRH,3.3090678063812824,49.85285165310211,,5.6551614,-1.0147997058018552,-6.6699610865696775,True,False,2.2
2015,Kevin Pietersen,SRH,6.113000241080041,34.58806378186981,,5.1773267,,,False,False,2.0
2015,Eoin Morgan,SRH,8.747228593272169,12.978143612315886,,4.2199826,2.45590277777778,-1.764079846276175,False,False,1.5
2015,Irfan Pathan,CSK,0.0743122929856161,63.71905122580125,,4.0140567,,,False,False,1.5
2015,Michael Hussey,CSK,2.1537909836065587,49.82775742536555,,4.807459,-0.2911954365079356,-5.098654314071412,False,False,1.5
2015,Christopher Morris,RR,1.9660807751117344,1.9660807751117344,,3.7589023,11.014133074831632,7.2552307635065585,False,True,1.4
2015,Jaydev Unadkat,DC,-0.2726367343088364,5.247539730083207,,0.5421629,-0.4234311415720713,-0.965594036774708,False,False,1.1
2015,Ravi Bopara,SRH,4.156745158450702,8.11449229356215,,3.6713073,3.9201203341781503,0.24881300881499113,False,True,1.0
2015,James Neesham,KKR,-2.054464749905665,-2.054464749905665,,0.6332739,,,False,False,0.5
2015,Pragyan Ojha,MI,3.7529911743742375,43.65828852580917,,3.09506,-0.657287427714714,-3.752347537806877,False,False,0.5
2015,Abhimanyu Mithun,MI,-0.285099094330746,-4.296283097477445,,1.2607276,,,False,False,0.3
2015,Aiden Blizzard,MI,-0.3842192691029901,4.815332092283148,,2.2378497,,,False,False,0.3
2015,Juan Theron,RR,0.8529055414078683,4.475077636478287,,1.1164359,-0.330794387032674,-1.4472302724620563,False,False,0.3
2015,Laxmi Ratan Shukla,SRH,-1.2181304767095735,9.064458425071727,,1.2858475,,,False,False,0.3
2015,Rahul Sharma,CSK,9.491101054463124,121.33602284449563,,6.474999,14.200818452380958,7.725819501422706,False,True,0.3
2015,Subramaniam Badrinath,RCB,0.9231364678899076,34.91319477035857,,3.960203,,,False,False,0.3
2015,C M Gautam,DC,0.2551591128254582,1.37024894462974,,2.277082,-0.1791914682539682,-2.456273434654115,False,False,0.2
2015,Dinesh Salunkhe,RR,0.546064199506505,0.546064199506505,,1.3666693,,,False,False,0.1
2015,Pratyush Singh,CSK,1.0276607472737034,-4.120529949006969,,0.9131597,,,False,False,0.1
2015,Sagar Trivedi,RR,10.112730092919309,30.61269349322167,,7.866488,,,False,False,0.1
2015,Siddarth Kaul,SRH,-1.7684801475829133,-0.4408491489943487,,2.5981514,,,False,False,0.1
2015,Sumit Narwal,KKR,1.2768995530463418,-3.196675490967745,,2.1849313,,,False,False,0.1
2016,Shane Watson,RCB,8.24187125187406,123.99184367172833,,7.271163,9.836064145781055,2.564901159025684,False,False,9.5
2016,Pawan Negi,DC,5.485568116239499,9.97003381356319,,2.5921166,-1.6781983326782974,-4.270314926992873,True,False,8.5
2016,Christopher Morris,DC,11.014133074831632,12.980213849943366,,6.4494824,19.973253746309112,13.523771305360626,False,False,7.0
2016,Yuvraj Singh,SRH,2.5842828213869264,83.35380024016148,-4.175421823020469,4.609499,5.997547301246584,1.3880483235854513,False,False,7.0
2016,Mohit Sharma,PBKS,5.488194072606564,20.671270528153702,,4.877404,5.300340531184805,0.4229363182331447,False,False,6.5
2016,Ashish Nehra,SRH,13.70074363859738,29.82658243023178,,5.2272468,4.701139735398544,-0.5261070259234772,True,False,5.5
2016,Mitchell Marsh,RPS,2.697676282051278,6.211539484950126,,2.7290912,3.95500632782766,1.225915160377709,False,False,4.8
2016,Deepak Hooda,SRH,6.978518887877492,6.978518887877492,,2.2462041,4.23332991118367,1.9871257733815462,False,False,4.2
2016,Sanju Samson,DC,2.950843253968255,13.969639543916028,,1.9656799,1.6004419191919226,-0.3652379647649866,True,False,4.2
2016,Karun Nair,DC,2.6567708333333364,13.229014613910689,,1.3216547,4.7326767676767645,3.4110220902857122,False,False,4.0
2016,Ishant Sharma,RPS,-3.676965088884128,20.509174768047068,,1.775171,-0.9767741935483868,-2.7519452350370344,True,False,3.8
2016,Kevin Pietersen,RPS,6.113000241080041,34.58806378186981,,3.8001444,1.1202904040404036,-2.679854029934816,True,False,3.5
2016,Praveen Kumar,GL,-1.0147997058018552,48.83805194730026,,1.7798598,7.318107408471139,5.53824762720588,False,False,3.5
2016,Tim Southee,MI,0.8690970363032822,2.4217714456672663,,-0.05166187,8.951273258020844,9.002935129394498,False,False,2.5
2016,Dale Steyn,GL,0.7969903812974442,91.80278266309213,,4.327011,0.136281798698659,-4.190729309699779,True,False,2.3
2016,Dwayne Smith,GL,3.646854437364659,48.753735886497154,,2.6470912,12.4437175462641,9.796626395980287,False,False,2.3
2016,Dhawal Kulkarni,GL,3.4628136824444957,16.36201531124008,,-0.30410647,10.452188210673413,10.756294684596142,False,False,2.0
2016,Kane Richardson,RCB,4.776900287199695,4.5201165892462685,,5.8241453,-1.3876946510331107,-7.2118399681107475,True,False,2.0
2016,Stuart Binny,RCB,3.994474079924323,27.018741513586622,,3.5396583,4.934635702720585,1.3949773946914101,False,False,2.0
2016,Jaydev Unadkat,KKR,-0.4234311415720713,4.824108588511136,,3.232471,-2.6191619554373133,-5.851632944664608,True,False,1.6
2016,Ankit Singh Rajpoot,KKR,-0.7591434368383913,-0.7591434368383913,,1.98845,0.6602810109743924,-1.3281690393796115,True,False,1.5
2016,Mustafizur Rahman,SRH,,,9.50289194915254,5.285016,16.003689723977374,10.718673664101885,False,False,1.4
2016,John Hastings,KKR,-0.0942679028133,-0.0942679028133,,3.7411559,3.1247472564017293,-0.6164086064064982,False,False,1.3
2016,Aditya Tare,SRH,-0.6950892857142854,8.927195378240263,,1.4583449,-0.9683712121212122,-2.426716148492062,False,False,1.2
2016,Barinder Singh Sran,SRH,-0.8038123795245231,-0.8038123795245231,,1.98845,5.044652057656709,3.056202007302705,False,True,1.2
2016,Aaron Finch,GL,-1.6076636904761896,18.837853894992968,,0.023218954,8.314103535353532,8.290884581371536,False,True,1.0
2016,Irfan Pathan,RPS,0.0743122929856161,63.71905122580125,,2.562584,0.7697075426697968,-1.792876380670047,False,False,1.0
2016,K C Cariappa,PBKS,-1.282287427714714,-1.282287427714714,,1.1059128,-0.4441040812179007,-1.5500168858214773,False,False,0.8
2016,Jason Holder,KKR,-0.1966992998197143,-0.18708391520433468,,3.9270554,2.3154817714894196,-1.6115735873972992,False,False,0.7
2016,Rajat Bhatia,RPS,-0.4665568629375785,36.77297980163793,,4.7989373,8.880205748875515,4.081268428166286,False,True,0.6
2016,Ashok Dinda,RPS,-1.7762904262154633,16.333481669185012,,-0.821176,5.927416029265046,6.7485920217539075,False,True,0.5
2016,Ben Cutting,SRH,0.8157424217013957,0.8157424217013957,,0.6373661,5.816894187132382,5.1795280710854765,False,True,0.5
2016,Samuel Badree,RCB,3.292036445012787,3.2439595219358637,,5.3599334,,,False,False,0.5
2016,Vijay Shankar,SRH,-1.260031969309463,-1.260031969309463,,1.246275,,,False,False,0.35
2016,Abhimanyu Mithun,SRH,-0.285099094330746,-4.296283097477445,,1.9113597,,,False,False,0.3
2016,Rudra Pratap Singh,RPS,1.4423076923076863,25.987162565159494,,2.0270576,-0.2266478217492533,-2.2537054694543315,False,False,0.3
2016,Ishwar Chandra Pandey,RPS,6.4289730134932555,10.280015223510333,,1.9060115,,,False,False,0.2
2016,Pradeep Sangwan,GL,-1.7370221712538236,4.760697818560397,,1.4867209,-1.5120552045227802,-2.99877612413185,False,False,0.2
2016,Pravin Tambe,GL,4.021922260595893,14.591182442538187,,0.12541533,-1.5950443955685891,-1.720459720733384,False,False,0.2
2016,Rajagopal Sathish,KKR,1.9164703893201605,3.4840027418392157,,3.5685167,-0.5127178502685661,-4.081234581530773,False,False,0.2
2016,Shadab Jakati,GL,-1.0367838874680313,11.896167783433443,,0.66766024,-0.066761101201573,-0.7344213375602155,False,False,0.2
2016,Vikramjeet Malik,RCB,-0.2256444698335507,3.754378871942606,,0.7106245,,,False,False,0.2
2016,Amit Mishra,GL,6.251638057459363,61.39869618063244,,6.4442496,7.315906411974752,0.8716567820003869,False,True,0.1
2016,Ankit Sharma,RPS,1.703577006139789,10.992096191370823,,-0.1434942,2.397571184911972,2.5410653885986862,False,True,0.1
2016,Jaskaran Singh,RPS,-0.8029709507042246,-1.6061734682903037,,2.7771685,,,False,False,0.1
2016,Jitesh Sharma,MI,-0.9188034872769552,-2.6049818652411822,,1.3193277,,,False,False,0.1
2016,Manan Ajay Sharma,KKR,5.488194072606564,20.671270528153702,,4.877404,5.300340531184805,0.4229363182331447,False,True,0.1
2016,Paras Dogra,GL,-0.3230886850152905,-0.7148807162726025,,3.5595613,,,False,False,0.1
2016,Pawan Suyal,DC,0.2572285285928455,0.3230781744712626,,4.9220343,,,False,False,0.1
2016,Pratyush Singh,DC,1.0276607472737034,-4.120529949006969,,0.4404264,,,False,False,0.1
2016,Sachin Baby,RCB,-0.454577599388379,-0.454577599388379,,2.3258848,4.959748625261595,2.633863806230833,False,True,0.1
2016,Sarabjit Ladda,GL,-0.1730769230769233,-3.0576564555602834,,2.0335293,-0.4107864981709346,-2.4443157797871455,False,False,0.1
2016,Swapnil Singh,PBKS,1.922569229579208,1.922569229579208,,4.49601,-0.4349044947311493,-4.930914321391305,False,False,0.1
2016,Tirumalasetti Suman,SRH,-0.2967198894377789,18.337581254010708,,3.5525835,,,False,False,0.1
2017,Trent Boult,KKR,-0.077537412703692,3.4979605525993724,,2.7878435,-0.367918586789556,-3.1557620525946097,True,False,5.0
2017,Pat Cummins,DC,-0.949257439732514,-0.11438531697036614,,4.5554757,7.770148024018984,3.214672312196474,False,False,4.5
2017,Nathan Coulter-Nile,KKR,1.4480081745287925,11.218303587943149,,1.1862172,4.492567902527581,3.306350713692437,False,False,3.5
2017,Karn Sharma,MI,-3.2598622322325346,16.1779107033556,,1.620187,9.04649560117302,7.426308557029344,False,False,3.2
2017,Varun Aaron,PBKS,-0.0247422680412405,5.376269221104745,,1.3344543,2.0496611855886018,0.7152068875691926,False,False,2.8
2017,Angelo Mathews,DC,6.2583614814616535,27.030129608749007,,5.374232,-0.9352908113391982,-6.309522626677333,True,False,2.0
2017,Eoin Morgan,PBKS,1.5964015151515143,17.030447905245182,,2.9783196,0.0823051948051958,-2.8960144501227827,True,False,2.0
2017,Mitchell Johnson,MI,-1.9804188291293383,14.932702140550571,,0.41893733,5.395123760647952,4.9761864351703515,False,False,2.0
2017,Corey Anderson,DC,1.2482723667927962,8.214644217029683,,2.8583372,0.2354517525485278,-2.622885411376643,True,False,1.0
2017,Daniel Christian,RPS,-1.5692542931075053,12.026201546807188,,2.8218088,12.017468579807286,9.195659764804844,False,False,1.0
2017,M Ashwin,DC,1.7189066126848749,1.7189066126848749,,2.2050698,,,False,False,1.0
2017,Pawan Negi,RCB,-1.6781983326782974,8.291835480884892,,0.20030801,15.522425289764003,15.322117279781894,False,False,1.0
2017,Eklavya Dwivedi,SRH,1.0316287878787878,1.0316287878787878,,1.5679243,,,False,False,0.75
2017,Manpreet Gony,GL,0.088662226534931,4.186684083987755,,0.9292513,-1.1829545454545456,-2.1122058586640793,True,False,0.6
2017,Rishi Dhawan,KKR,2.265952147010511,13.85611669213191,,4.899923,,,False,False,0.55
2017,Chris Jordan,SRH,-0.002178670643918,-0.002178670643918,,4.4064517,-0.0650996718335427,-4.4715513739514625,False,False,0.5
2017,Darren Bravo,KKR,2.289413775265121,55.428922368065535,,4.3609567,0.1013955802262255,-4.259561088627534,False,False,0.5
2017,Manoj Tiwary,RPS,-0.7536210317460315,19.16462704162037,,3.338168,9.107546082949316,5.769378177141821,False,True,0.5
2017,Martin Guptill,PBKS,-0.0923611111111109,-0.0923611111111109,,4.07727,5.08456221198157,1.0072921810062283,False,True,0.5
2017,Ben Laughlin,SRH,-1.7781382321806645,-1.7781382321806645,,1.5523796,,,False,False,0.3
2017,Darren Sammy,PBKS,-0.7435204272863567,5.192188261714802,,1.6335392,,,False,False,0.3
2017,Jaydev Unadkat,RPS,-2.6191619554373133,2.2049466330738223,,0.17351113,10.748441034771677,10.574929902173754,False,True,0.3
2017,Munaf Patel,GL,-1.5000000000000036,26.469447364663882,,4.0030527,0.5080063887725169,-3.4950463227142996,False,False,0.3
2017,Saurabh Tiwary,MI,1.6975126262626254,24.31179568757032,,3.977725,0.532839338081275,-3.444885690910424,False,False,0.3
2017,Aditya Tare,DC,-0.9683712121212122,7.958824166119052,,0.06211415,-0.993022098868872,-1.0551362482009186,False,False,0.25
2017,Rahul Tewatia,PBKS,-0.5484311415720713,2.6306614541262197,,3.1302295,4.902236943164362,1.7720074700503483,False,True,0.25
2017,Akshdeep Nath,GL,-1.0430681818181815,-1.0430681818181815,,1.9921591,-0.1297208839547549,-2.121880012143842,False,False,0.1
2017,Ishank Jaggi,KKR,-0.9426079734219271,-1.6746198855506402,,0.6053562,-1.0638353581901958,-1.6691915746208599,False,False,0.1
2017,Navdeep Saini,DC,-0.8144518272425252,-0.8144518272425252,,2.1880283,,,False,False,0.1
2017,Pratham Singh,GL,1.0276607472737034,-4.120529949006969,,0.21196723,,,False,False,0.1
2017,Pravin Tambe,SRH,-1.5950443955685891,12.996138046969598,,1.6709268,,,False,False,0.1
2017,Rinku Singh,PBKS,-0.2266478217492533,25.76051474341024,,3.9030101,,,False,False,0.1
2017,Shashank Singh,DC,-0.4349044947311493,1.4876647348480587,,3.2516122,-0.5141664921100411,-3.765778678541926,False,False,0.1
2018,Virat Kohli,RCB,5.161732823627993,120.07283502447457,,10.31824,13.12992461089494,2.8116844451844916,False,False,17.0
2018,MS Dhoni,CSK,2.3928492878089713,114.97441371647037,3.531883326247165,5.195808,12.585274805447469,7.389466871640096,False,False,15.0
2018,Rohit Sharma,MI,5.5625942605781376,153.40882949684868,,4.5316696,4.981748540856028,0.4500789241568093,False,False,15.0
2018,Rishabh Pant,DC,16.433080226225393,20.843244367639535,,9.84925,28.65462062256809,18.805370782785374,False,False,15.0
2018,David Warner,SRH,20.19395161290324,137.04862613072413,,11.782743,,,False,False,15.0
2018,Benjamin Stokes,RR,20.636389645300937,20.636389645300937,,9.5303545,9.10306204936884,-0.4272924504480553,True,False,12.5
2018,Sunil Narine,KKR,26.972377635805056,103.7978181251519,,9.236003,31.55240341089447,22.316400488836365,False,False,12.5
2018,Axar Patel,PBKS,15.656819752827818,50.293226734525774,,9.837364,3.8259065154412895,-6.011457681336054,True,False,12.5
2018,Steve Smith,RR,7.111646418098047,41.389941261065616,,5.312583,,,False,False,12.5
2018,Jaydev Unadkat,RR,10.748441034771677,12.953387667845499,,6.25751,1.4395342642764009,-4.817975920965298,True,False,11.5
2018,KL Rahul,PBKS,13.27574494949495,13.033819461228006,4.6824466765873005,6.9215245,23.597981517509723,16.676456992821002,False,False,11.0
2018,Manish Pandey,SRH,8.637921554252209,41.91701142059595,,8.419857,0.0406249999999985,-8.379232025146486,True,False,11.0
2018,Suresh Raina,CSK,15.808344155844155,178.49804262536097,,9.480086,6.782125486381318,-2.697960840217803,True,False,11.0
2018,AB de Villiers,RCB,4.817728843736912,138.33618936816168,8.311707234977327,12.481477,21.367217898832685,8.885741115080243,False,False,11.0
2018,Hardik Pandya,MI,11.987098868873066,11.297751269652974,,7.188448,8.737187007005637,1.5487390547351296,False,False,11.0
2018,Chris Morris,DC,12.0368469836615,44.99031457991398,,10.096401,0.8683388083965857,-9.228062406203023,True,False,11.0
2018,Chris Lynn,KKR,14.17384530791789,14.334154476462212,,2.3831937,8.668847276264586,6.2856535449566024,False,False,9.6
2018,Mitchell Starc,KKR,11.491415527355374,22.155121451635267,,12.646673,,,False,False,9.4
2018,Glenn Maxwell,DC,20.46926406926407,53.794452277825634,,7.9822583,7.173242876616861,-0.8090154432378753,True,False,9.0
2018,Krunal Pandya,MI,17.44646103896104,36.45236972257133,,13.638506,18.522738769374705,4.8842328337057594,False,False,8.8
2018,Andre Russell,KKR,10.803891933132457,29.62577266896327,,7.945057,17.068761304313412,9.123704389030209,False,False,8.5
2018,Bhuvneshwar Kumar,SRH,12.829298282362794,72.24120506968295,,4.174544,11.077627369057913,6.90308351148345,False,False,8.5
2018,Sanju Samson,RR,12.5767569124424,28.146838375550352,,5.275368,10.283377918287933,5.008009704634368,False,False,8.0
2018,Kedar Jadhav,CSK,8.209148512777553,24.848794050897673,,6.669308,-0.1734071011673155,-6.842715286744708,True,False,7.8
2018,Ravichandran Ashwin,PBKS,11.30940572166628,103.43903548585828,,9.306198,12.987579058096864,3.681380937979677,False,False,7.6
2018,Chris Woakes,RCB,2.7373608783689463,2.7373608783689463,,4.8593726,-1.6600861698450315,-6.519458785659241,True,False,7.4
2018,Andrew Tye,PBKS,8.522161360145228,8.522161360145228,,2.6581104,10.917536955433906,8.259426575261177,False,False,7.2
2018,Ravindra Jadeja,CSK,3.4498296327328557,73.75064924089926,,3.191209,10.77863862156092,7.587429543725836,False,False,7.0
2018,Sarfraz Khan,RCB,4.1820328282828285,8.276675685425687,,5.3181763,0.4421084630350194,-4.876067806496231,True,False,7.0
2018,Jasprit Bumrah,MI,13.61887969557324,21.565853442160485,,5.696437,17.7134632781604,12.017026396141357,False,False,7.0
2018,Shreyas Iyer,DC,9.94949989526603,13.636375797141937,,8.575796,7.637171692606998,-0.938624434712338,True,False,7.0
2018,Dwayne Bravo,CSK,0.1013955802262255,55.53031794829176,,5.0226173,4.3884086186850055,-0.6342087214028851,True,False,6.4
2018,Robin Uthappa,KKR,17.496708734813577,104.93233941225526,,11.421359,6.070063229571986,-5.351295832622839,True,False,6.4
2018,Aaron Finch,PBKS,12.853032048596573,40.004989478943074,,4.46987,2.6766293774319063,-1.7932407130527128,True,False,6.2
2018,Ishan Kishan,MI,6.864730833682451,6.734516187217804,,6.5627966,8.573820525291826,2.0110239325794232,False,False,6.2
2018,Marcus Stoinis,PBKS,-2.0346130079597824,2.1069308770156763,,4.1071496,-0.459413139316478,-4.566562740299144,True,False,6.2
2018,Yuzvendra Singh Chahal,RCB,5.271878229297581,24.171769935804825,,2.3089142,14.598956721509447,12.290042536939135,False,False,6.0
2018,Kuldeep Yadav,KKR,3.4718981287529633,4.376214723365534,11.97740393032213,7.6789355,6.8787317584629015,-0.8002037693386121,True,False,5.8
2018,Karun Nair,PBKS,5.418917574361124,23.380608955948578,,4.4581895,6.5808000972762635,2.122610609818988,False,False,5.6
2018,Kieron Pollard,MI,9.74069648093842,88.9964694507118,,10.2714,2.27568093385214,-7.995719517808016,True,False,5.4
2018,Pat Cummins,MI,7.770148024018984,7.655762707048618,,4.270934,,,False,False,5.4
2018,Shikhar Dhawan,SRH,10.191901445328874,69.03969086603954,,7.403724,9.83276994163424,2.4290457480612417,False,False,5.2
2018,Wriddhiman Saha,SRH,4.084148512777553,39.907073196574515,,3.2080498,0.3487840466926055,-2.8592657274773163,True,False,5.0
2018,Jos Buttler,RR,9.99691558441559,17.070438311688314,,9.240101,18.13940904669261,8.899308186096906,False,False,4.4
2018,Kagiso Rabada,DC,-0.967004957408184,-0.967004957408184,,1.9082756,,,False,False,4.2
2018,Piyush Chawla,KKR,0.0086443932411658,58.19830967842889,,3.8889375,4.571754431430087,0.6828169581329675,False,False,4.2
2018,Umesh Yadav,RCB,2.6557497207093927,17.9271437698863,,4.637369,11.179956445452492,6.5425872895687025,False,False,4.2
2018,Ajinkya Rahane,RR,5.201550062840397,52.4474285005805,,3.0054262,1.9602748054474688,-1.0451513629943037,True,False,4.0
2018,Amit Mishra,DC,0.2449486803519063,68.9595512729591,,4.918552,11.419236590155668,6.500684668311186,False,False,4.0
2018,Shane Watson,CSK,-1.2651707163803945,132.56273710112902,,7.8769913,21.907356142108064,14.030364870135408,False,False,4.0
2018,Siddarth Kaul,SRH,3.370027929060183,2.9291787800658344,,3.08987,8.19541568946218,5.105545713418479,False,False,3.8
2018,Brendon McCullum,RCB,10.55335934227064,72.53677396558851,,7.900798,3.319345817120622,-4.581452026812483,True,False,3.6
2018,Deepak Hooda,SRH,2.1320658776707173,13.34391467673188,,3.0104446,-0.3582232702088408,-3.368667911322122,True,False,3.6
2018,Nitish Rana,KKR,5.692315144532898,9.188891592417129,,2.8990855,7.177254821450024,4.278169299752026,False,False,3.4
2018,Rahul Tripathi,RR,12.82857509426058,12.82857509426058,,3.4469135,4.380459630350192,0.9335461495915247,False,False,3.4
2018,Shahbaz Nadeem,DC,4.865845377740538,31.611073813127394,,3.1197436,-2.409293672090482,-5.52903725767703,True,False,3.2
2018,Suryakumar Yadav,MI,1.5798413280268149,13.247691732064055,,1.910446,10.052079280155638,8.14163323237274,False,False,3.2
2018,Vijay Shankar,DC,2.636491935483873,1.37645996617441,,3.6246343,4.450075786384424,0.825441520484766,False,False,3.2
2018,Washington Sundar,RCB,10.12350090769445,10.12350090769445,2.542436974789916,6.3532825,2.483520394403441,-3.8697620572261977,True,False,3.2
2018,Ankit Singh Rajpoot,PBKS,1.8058174486803495,1.7069550228163508,,1.9389288,2.970670713977153,1.0317418714325974,False,False,3.0
2018,David Miller,PBKS,-0.2621124842899007,49.733248295402305,,3.3536441,0.1437013618677038,-3.209942770746432,False,False,3.0
2018,Kane Williamson,SRH,9.94744972769167,9.080927780915003,,7.593459,19.85245622568094,12.258997096347443,False,False,3.0
2018,Mohammed Shami,DC,1.3741987850858792,1.756512247339385,-2.343172268907563,3.2586584,-1.1427093667237596,-4.401367775842412,False,False,3.0
2018,Navdeep Saini,RCB,-0.8144518272425252,-0.8144518272425252,,1.8974153,,,False,False,3.0
2018,Rahul Tewatia,DC,4.902236943164362,7.532898397290582,,3.3956165,4.515896507382336,1.1202799760102655,False,False,3.0
2018,Sandeep Sharma,SRH,6.057862903225802,30.805046498042806,-0.7767620056497176,5.3902483,11.6883045031492,6.29805620450418,False,False,3.0
2018,Gautam Gambhir,DC,9.713041998324272,92.10660869755725,,7.293018,-1.930654182879378,-9.223672047106673,False,False,2.8
2018,Quinton De Kock,RCB,11.00858585858586,16.721168160456823,,6.5283995,2.497227626459143,-4.031171841009119,False,False,2.8
2018,Mohammed Siraj,RCB,-0.2697727272727306,-0.2697727272727306,-1.6651260504201684,6.707084,5.661897540010356,-1.0451866389142044,False,False,2.6
2018,Shardul Thakur,CSK,4.620761590559976,3.501919449130691,,4.4864,5.401189001457455,0.9147888740465664,False,True,2.6
2018,Mohit Sharma,PBKS,0.2806743122468882,26.252285371585394,,2.7715828,-4.897106289683187,-7.668689131556356,False,False,2.4
2018,Ambati Rayudu,CSK,0.9973292836196084,59.391525865588775,,3.4803326,18.680569066147857,15.200236453156524,False,True,2.2
2018,Barinder Singh Sran,PBKS,-1.1835606060606063,3.0572790720715797,,4.025204,-0.5919389555142586,-4.617143137185401,False,False,2.2
2018,Ben Cutting,MI,2.333975527161009,8.966612135994787,,3.3514876,3.4999829875925546,0.14849535102639244,False,True,2.2
2018,Colin De Grandhomme,RCB,5.971587767071638,5.971587767071638,,2.6041284,7.054574333803773,4.450445973055482,False,True,2.2
2018,M Ashwin,RCB,1.7189066126848749,1.7189066126848749,,1.4822998,1.9985353020755183,0.5162354973880183,False,True,2.2
2018,Mustafizur Rahman,MI,-1.057348484848485,14.946341239128888,6.907050528544751,10.613425,3.7380503462844072,-6.8753749085373705,False,False,2.2
2018,Nathan Coulter-Nile,RCB,4.492567902527581,15.710871490470728,,3.0679767,,,False,False,2.2
2018,Trent Boult,DC,-0.367918586789556,3.1300419658098164,,2.8163395,4.893633441515304,2.077293948717452,False,True,2.2
2018,Carlos Brathwaite,SRH,-1.8140189917609275,5.698035339378869,,4.8100877,2.5814355727227083,-2.228652108093942,False,False,2.0
2018,Christopher Gayle,PBKS,2.6880079597821585,151.87603928958717,,4.197361,9.98872811284047,5.791367120408829,False,True,2.0
2018,Harbhajan Singh,CSK,12.557093457617649,132.99090528041197,3.978689971751413,7.9524293,2.800876525572659,-5.151552769013523,False,False,2.0
2018,Mitchell Johnson,KKR,5.395123760647952,20.327825901198523,,3.375748,-0.4647978136408714,-3.840545732723513,False,False,2.0
2018,Murali Vijay,CSK,7.969793734652817,57.25729238400745,,4.905884,-0.0177164396887161,-4.923600228751216,False,False,2.0
2018,Shakib Al Hasan,SRH,-0.87426633850021,42.309076906534045,8.133040768390691,5.178001,12.845608360010887,7.667607433039452,False,True,2.0
2018,Yuvraj Singh,PBKS,6.491110180142446,95.8424577215505,-1.2983099489795924,8.521882,-2.389130441484279,-10.911012498674221,False,False,2.0
2018,Colin Munro,DC,0.0212463301118939,0.0212463301118939,,4.123153,2.2180569066147857,-1.9050963030714936,False,False,1.9
2018,Rahul Chahar,MI,1.379497626029884,1.379497626029884,,1.2406863,,,False,False,1.9
2018,Yusuf Pathan,SRH,1.301604000837874,139.51192948808696,,5.632435,4.010634867842706,-1.6217999771279974,False,False,1.9
2018,Parthiv Patel,RCB,9.420967741935492,34.88722686120601,,10.574434,4.085809824902723,-6.4886244554927845,False,False,1.7
2018,Faf Du Plessis,CSK,0.0919538123167157,24.31977997317479,,2.3790774,2.313351167315176,-0.06572626722461905,False,False,1.6
2018,Daniel Christian,DC,12.017468579807286,24.043670126614472,,5.929116,-0.5117416314766965,-6.440857403724011,False,False,1.5
2018,Jason Roy,DC,2.0564437578550496,2.0564437578550496,,4.5786343,1.478526264591439,-3.100107997493522,False,False,1.5
2018,Pradeep Sangwan,MI,-2.485550202485688,0.763092411551928,,1.3716369,-0.8166754434413402,-2.1883123109645335,False,False,1.5
2018,Mandeep Singh,RCB,0.4096826560536293,20.802348635853797,0.4640488922841879,5.8301077,4.870975194552528,-0.9591324943512802,False,False,1.4
2018,Naman Ojha,DC,0.7945381231671576,27.788916148406486,,2.5809102,-0.4268968871595331,-3.0078070930005976,False,False,1.4
2018,Manan Vohra,RCB,6.572449727691669,23.307567503290926,,2.6054034,-0.0237110894941636,-2.62911451280349,False,False,1.1
2018,Akshdeep Nath,PBKS,-0.1297208839547549,-1.1727890657729363,,1.6483852,-0.6686648832684825,-2.3170500503903697,False,False,1.0
2018,Chris Jordan,SRH,-0.0650996718335427,-0.0672783424774607,,5.1138783,0.5691576364751594,-4.544720613646911,False,False,1.0
2018,Imran Tahir,CSK,7.202224898757149,10.336497371186471,10.798437864729223,6.2900195,0.7676060442550339,-5.52241346792148,False,False,1.0
2018,Jean-Paul Duminy,MI,4.331979694685464,67.76744728626254,,5.7502904,-2.787020704072517,-8.537311097901863,False,False,1.0
2018,Manoj Tiwary,PBKS,9.107546082949316,28.27217312456969,,9.331305,-0.1994758423317033,-9.530780392502601,False,False,1.0
2018,Mayank Agarwal,PBKS,-0.5119056346878921,14.297716706411137,,3.4435058,2.0304231517509717,-1.4130826122565967,False,False,1.0
2018,Mohammed Nabi,SRH,4.880837348135735,4.880837348135735,,2.6918964,0.652298502291591,-2.039597936307042,False,False,1.0
2018,Pawan Negi,RCB,15.522425289764003,23.814260770648897,,6.704371,-1.693479777933264,-8.39785075342765,False,False,1.0
2018,Ranganath Vinay Kumar,KKR,-0.1189393939393941,17.74787582923019,,3.480994,-2.9827392506843737,-6.463733236814134,False,False,1.0
2018,Sam Billings,CSK,3.3698654168412254,5.709032083507891,,7.013159,2.738010700389104,-4.275148097828669,False,False,1.0
2018,Shreevats Goswami,SRH,-0.2120431893687708,-0.8017969703576808,,1.2158219,0.7050826848249026,-0.5107391773958616,False,False,1.0
2018,Tim Southee,RCB,0.7558373481357348,12.128882051823846,,3.1706274,3.4694196966635324,0.2987923410879709,False,True,1.0
2018,Basil Thampi,SRH,-1.6823840944002213,-1.6823840944002213,,2.0454097,-2.566334392280905,-4.611744071693747,False,False,0.95
2018,Deepak Chahar,CSK,-0.1399919703951976,0.6990951596347325,,3.517414,16.031817100137083,12.514403007119505,False,True,0.8
2018,Rinku Singh,KKR,-0.2266478217492533,25.76051474341024,,3.5196772,-1.0661235408560312,-4.585800703026441,False,False,0.8
2018,Saurabh Tiwary,MI,0.532839338081275,24.844635025651595,,3.1241958,,,False,False,0.8
2018,Dhawal Kulkarni,RR,0.4013158078480654,27.21551932976156,,5.272362,1.0777349353056174,-4.194627296902635,False,False,0.75
2018,Avesh Khan,DC,1.5072727272727269,1.5072727272727269,,1.3512732,-2.486342261296258,-3.8376154403505183,False,False,0.7
2018,Abhishek Sharma,DC,0.1762840385421034,13.5659514148249,,2.0858634,3.0459022373540856,0.9600388855321862,False,True,0.55
2018,Ben Laughlin,RR,-1.7781382321806645,-1.7781382321806645,,2.0454097,-0.4262119556526831,-2.471621635065525,False,False,0.5
2018,Billy Stanlake,SRH,0.6401515151515156,0.6401515151515156,,2.143778,3.875682102320871,1.731904016612253,False,True,0.5
2018,Jayant Yadav,DC,1.5737121212121208,8.450859503698883,,3.0264287,,,False,False,0.5
2018,Stuart Binny,RR,0.4602040566959937,32.4135812730032,,3.8326936,-1.237266373379359,-5.0699599501921035,False,False,0.5
2018,T Natarajan,SRH,0.8998484848484836,0.8998484848484836,,1.5633475,,,False,False,0.4
2018,Aniket Choudhary,RCB,2.8133095936321735,2.8133095936321735,,5.351815,,,False,False,0.3
2018,Anureet Singh,RR,-0.6780142438206955,-1.3981195996845837,,2.250323,-0.6805055561433808,-2.9308286133180634,False,False,0.3
2018,Aditya Tare,MI,-0.993022098868872,6.96580206725018,,1.2617762,,,False,False,0.2
2018,Ankit Sharma,RR,0.1762840385421034,13.5659514148249,,2.0858634,-0.1884021672459619,-2.2742655190678613,False,False,0.2
2018,Bipul Sharma,SRH,3.037280931434159,14.439668208680036,,5.103099,,,False,False,0.2
2018,Harshal Patel,DC,-0.6799242424242422,4.710647379270862,,2.3370721,3.3783779759655443,1.0413058419476,False,True,0.2
2018,Ishank Jaggi,KKR,-1.0638353581901958,-2.738455243740836,,0.45086867,,,False,False,0.2
2018,Kshitiz Sharma,CSK,9.04649560117302,25.22440630452862,,8.179778,0.2204457166223665,-7.959332382437692,False,False,0.2
2018,Monu Singh,CSK,0.4096826560536293,20.802348635853797,,3.7153654,4.870975194552528,1.1556097847014541,False,True,0.2
2018,Pardeep Sahu,PBKS,1.412482007470781,1.412482007470781,,1.2406863,,,False,False,0.2
2018,Sachin Baby,SRH,-0.3302550272308333,4.1749159986423825,,3.1645741,,,False,False,0.2
2018,Shreyas Gopal,RR,-0.9032757068523614,0.3769055524872573,,3.6989856,7.070277002168676,3.371291425539037,False,True,0.2
2019,Jaydev Unadkat,RR,1.4395342642764009,14.392921932121899,,2.5363448,-4.864554013126971,-7.400898779743792,True,False,8.4
2019,Colin Ingram,DC,-0.2705870977722768,-0.2705870977722768,,3.770068,1.3011410361842088,-2.4689268940373488,True,False,6.4
2019,Axar Rajesh Patel,DC,3.8259065154412895,54.11913324996707,,7.491338,15.052679230150057,7.561341453965975,False,False,5.0
2019,Carlos Brathwaite,KKR,2.5814355727227083,8.279470912101576,,2.9281228,0.4544602552854235,-2.473662503579933,True,False,5.0
2019,Mohit Sharma,CSK,-4.897106289683187,21.355179081902207,,2.2495935,-0.1486587144545995,-2.3982522107772315,True,False,5.0
2019,Mohammed Shami,PBKS,-1.1427093667237596,0.6138028806156257,-2.343172268907563,4.00197,4.635443488070236,0.6334736737696991,False,False,4.8
2019,Prabhsimran Singh,PBKS,1.0276607472737034,-4.120529949006969,,0.26962298,-0.4877672697368425,-0.7573902512851518,True,False,4.8
2019,Akshdeep Nath,RCB,-0.6686648832684825,-1.8414539490414188,,1.4602458,-0.3911389802631575,-1.8513848279651839,True,False,3.6
2019,Barinder Singh Sran,MI,-0.5919389555142586,2.465340116557321,,1.6162121,-1.5496836129120892,-3.1658957425049845,True,False,3.4
2019,Varun Aaron,RR,2.0496611855886018,7.425930406693347,,4.2528296,-2.192230023825048,-6.445059575521825,True,False,2.4
2019,Lockie Ferguson,KKR,4.334142752408879,4.334142752408879,,3.7897902,-2.3030385441847976,-6.0928286976882156,True,False,1.6
2019,Wriddhiman Saha,SRH,0.3487840466926055,40.255857243267116,,2.5859475,3.148488898026314,0.5625413844459919,False,True,1.2
2019,Ishant Sharma,DC,-3.026826036866362,16.50557453763232,,1.7010143,10.795736747012702,9.094722466693488,False,True,1.1
2019,Martin Guptill,SRH,5.08456221198157,4.992201100870459,,4.49875,2.786698190789473,-1.7120520190188766,False,False,1.0
2019,Moises Henriques,PBKS,4.827067274123728,32.433571733183605,,3.2450867,,,False,False,1.0
2019,Yuvraj Singh,MI,-2.389130441484279,93.45332728006622,-1.2983099489795924,6.0003614,0.7786287006578938,-5.221732741908024,False,False,1.0
2019,Anmolpreet Singh,MI,-0.6805055561433808,1.165734193200509,,2.3733563,-1.976144910018801,-4.349501252334475,False,False,0.8
2019,Himmat Singh,RCB,2.800876525572659,143.89187179710237,,5.675499,12.68217241717118,7.006673454768837,False,True,0.65
2019,Heinrich Klaasen,RCB,0.5022373540856027,0.5022373540856027,,3.525125,-0.2570929276315792,-3.78221795433446,False,False,0.5
2019,Shashank Singh,RR,-0.5141664921100411,0.9734982427380177,,3.7192173,,,False,False,0.3
2019,Sarfaraz Naushad Khan,PBKS,0.4421084630350194,8.718784148460706,,2.322496,2.0988480905722935,-0.22364784677511862,False,False,0.25
2019,Arshdeep Singh,PBKS,-0.6805055561433808,1.165734193200509,,2.3733563,-1.976144910018801,-4.349501252334475,False,False,0.2
2019,M Ashwin,PBKS,1.9985353020755183,3.717441914760393,,3.8619878,8.619083135969325,4.7570953067609505,False,True,0.2
2019,Manan Vohra,RR,-0.0237110894941636,23.283856413796762,,1.8935806,,,False,False,0.2
2019,Nathu Singh,DC,2.445075757575758,2.445075757575758,,2.9636314,,,False,False,0.2
2019,Nikhil Shankar Naik,KKR,-1.4554166666666672,-1.4554166666666672,,1.37824,-1.4745579769736843,-2.8527979662543848,False,False,0.2
2019,Shrikant Mundhe,KKR,0.4548978365384617,0.4548978365384617,,3.8712459,,,False,False,0.2
2020,Pat Cummins,KKR,7.770148024018984,7.655762707048618,,3.7182975,10.365152482850949,6.6468550013140835,False,False,15.5
2020,Glenn Maxwell,PBKS,7.173242876616861,60.967695154442495,,10.4474125,1.2530261093764867,-9.19438638146824,True,False,10.75
2020,Christopher Morris,RCB,-0.4148123782903576,45.44384101002021,,4.300277,13.728026848325912,9.427749615202133,False,False,10.0
2020,Nathan Coulter-Nile,MI,4.492567902527581,15.710871490470728,,3.424213,6.737370796922553,3.313157864335883,False,False,8.0
2020,Shimron Hetmyer,DC,0.7460937499999982,0.7460937499999982,,2.6583226,6.333024691358023,3.6747021186498934,False,False,7.75
2020,Piyush Chawla,CSK,1.3306516292304584,64.10071573908944,,1.7185801,0.4416448230668379,-1.2769353036955522,True,False,6.75
2020,Sam Curran,CSK,3.9302274153510544,3.9302274153510544,,4.47252,10.921113422239127,6.448593547666373,False,False,5.5
2020,Eoin Morgan,KKR,0.0823051948051958,17.112753100050377,,1.6468718,10.85783270146787,9.21096089627683,False,False,5.25
2020,Marcus Stoinis,DC,6.068292824012712,7.71581056171191,,3.4271576,10.025107427957842,6.5979497875006885,False,False,4.8
2020,Aaron Finch,RCB,2.6766293774319063,42.681618856374975,,5.976399,-0.0839506172839534,-6.06034956213869,True,False,4.4
2020,Kane Richardson,RCB,-1.3876946510331107,3.1324219382131577,,3.033025,,,False,False,4.0
2020,Chris Jordan,PBKS,0.5691576364751594,0.5018792939976987,,4.7261777,-0.843773761842467,-5.569951454255797,True,False,3.0
2020,Jaydev Unadkat,RR,-4.864554013126971,9.52836791899493,,2.864326,-1.862638188320246,-4.726964188533869,True,False,3.0
2020,Robin Uthappa,RR,0.1184210526315752,111.1208236944588,,6.746792,2.0225527364634956,-4.724239103136114,True,False,3.0
2020,Chris Lynn,MI,9.71504934210526,32.718051094832056,,7.967557,,,False,False,2.0
2020,Dale Steyn,RCB,0.0906929895245767,92.02975745131539,,1.5845976,-2.6414064800258803,-4.2260040676113295,False,False,2.0
2020,Mitchell Marsh,SRH,3.95500632782766,10.166545812777786,,3.356896,-0.1223251272999642,-3.4792210509144663,False,False,2.0
2020,Ravi Bishnoi,PBKS,0.453825495344951,0.453825495344951,,3.6085596,12.075021146057042,8.466461537597569,False,False,2.0
2020,Virat Singh,SRH,-1.1957031250000003,-1.5938929745017252,,0.37999102,,,False,False,1.9
2020,Chris Woakes,DC,-1.6600861698450315,1.0772747085239147,,2.7319543,,,False,False,1.5
2020,Jason Roy,DC,1.478526264591439,3.5349700224464886,,2.290036,,,False,False,1.5
2020,Andrew Tye,RR,-2.741524011258254,16.69817430432088,,8.210397,-1.7962496787799591,-10.006646445442557,False,False,1.0
2020,Tom Curran,RR,-3.0812346607403263,-3.0812346607403263,,0.9062616,-2.1679181444062667,-3.074179767311998,False,False,1.0
2020,David Miller,RR,2.576583059210524,52.45353271648053,,3.0316014,,,False,False,0.75
2020,Rahul Tripathi,KKR,0.7634662828947363,17.972501007505507,,4.455255,4.15702828813065,-0.29822674345504296,False,False,0.6
2020,Prabhsimran Singh,PBKS,1.0276607472737034,-4.120529949006969,,-0.7780667,-0.1083041703120444,0.6697625244244363,False,True,0.55
2020,Deepak Hooda,PBKS,-1.493460889898499,11.49223051662454,,3.4946294,2.8555421525418394,-0.6390872305453188,False,False,0.5
2020,James Neesham,PBKS,-2.054464749905665,-2.054464749905665,,0.99248,-0.9624027501149524,-1.9548827301068652,False,False,0.5
2020,Mohit Sharma,DC,-0.1486587144545995,21.20652036744761,,-0.053549338,-0.8756553079947578,-0.8221059698626147,False,False,0.5
2020,Oshane Thomas,RR,1.6346595487510065,1.6346595487510065,,1.7929603,,,False,False,0.5
2020,Saurabh Tiwary,MI,0.532839338081275,24.844635025651595,,1.4721665,2.16515748031496,0.6929909420764346,False,True,0.5
2020,Akash Singh,RR,-1.976144910018801,-0.8104107168182928,,0.98939925,2.2441976194107167,1.2547983650886647,False,True,0.2
2020,Nikhil Shankar Naik,KKR,-1.4745579769736843,-2.9299746436403513,,0.20954986,-0.2716608340624089,-0.4812106932285542,False,False,0.2
2020,Pravin Tambe,KKR,-1.5950443955685891,12.996138046969598,,4.170731,,,False,False,0.2
2020,Prince Balwant Rai Singh,MI,-0.4877672697368425,-0.4877672697368425,,3.0576842,-0.1083041703120444,-3.165988353432772,False,False,0.2
2020,Sanjay Yadav,SRH,7.80556126644737,31.105332278667067,,1.533189,15.045105472926991,13.511916414623158,False,True,0.2
2021,Chris Morris,RR,13.728026848325912,59.17186785834612,,5.2134566,-1.708678093653733,-6.92213472436052,True,False,16.0
2021,Glenn Maxwell,RCB,1.2530261093764867,62.22072126381898,,3.047619,17.058313420917177,14.0106943165318,False,False,14.0
2021,Krishnappa Gowtham,CSK,0.2987943020883845,16.92445142670538,,4.832123,,,False,False,9.0
2021,Moeen Ali,CSK,0.213636757433862,24.08548355160551,,6.878065,16.910157610288408,10.032092501035478,False,False,7.0
2021,Nathan Coulter-Nile,MI,6.737370796922553,22.448242287393278,,3.5349026,4.816551096665671,1.2816485240338347,False,False,5.0
2021,Shahrukh Khan,PBKS,0.1583916593759111,10.976023898408911,,2.417583,-0.5109241126070991,-2.9285071013461126,True,False,5.0
2021,Tom Curran,DC,-2.1679181444062667,-5.249152805146593,,0.20537955,0.1459266461683173,-0.05945289952031185,True,False,5.0
2021,Daniel Christian,RCB,-0.5117416314766965,23.531928495137777,,5.000286,-2.4821442732281116,-7.482430375523034,True,False,4.0
2021,Moises Henriques,PBKS,4.827067274123728,32.433571733183605,,3.7297032,4.66585156594401,0.936148378001505,False,False,4.0
2021,Shivam Dube,RR,2.786548018144007,4.366216833725845,,4.622264,1.4049028103751002,-3.2173610980111302,True,False,4.0
2021,Adam Milne,MI,-1.4043778801843316,-2.291433084707112,,0.6353732,-1.9652949674792972,-2.6006681426234928,True,False,3.0
2021,Shakib Al Hasan,KKR,0.5731506402015569,55.72783590674649,-1.4095555555555557,8.285857,3.6648318922100502,-4.621025308412508,True,False,3.0
2021,Harbhajan Singh,KKR,12.68217241717118,148.47395422315577,3.978689971751413,6.684058,0.0467972153607065,-6.637260974031383,False,False,2.0
2021,Kedar Jadhav,SRH,-1.240978905414602,19.91240968905259,,0.80948365,-0.1502065483476133,-0.9596901956941098,False,False,2.0
2021,Piyush Chawla,MI,0.4416448230668379,64.54236056215628,,2.617122,-0.7746773480540533,-3.3917992829448003,False,False,2.0
2021,Sam Billings,DC,-0.6910464638157896,7.755996320081206,,2.273898,,,False,False,2.0
2021,Steven Smith,DC,6.216591328861668,48.3683027379536,,3.7774801,1.628580171358628,-2.148899954068618,False,False,2.0
2021,Mujeeb Ur Rahman,SRH,-1.3379452377321357,11.93656541093039,,5.470573,0.8306190724518461,-4.639953876003965,False,False,1.0
2021,Mustafizur Rahman,RR,3.7380503462844072,18.684391585413294,6.164603960396043,8.371471,0.8562072557745375,-7.51526414925476,False,False,1.0
2021,Umesh Yadav,DC,-2.2756463227519603,25.802281687137413,,2.7073135,,,False,False,1.0
2021,Ben Cutting,KKR,-1.1393847295925403,11.327210393994802,,1.830042,,,False,False,0.75
2021,Liam Livingstone,RR,1.658540571058993,1.658540571058993,,2.0960739,-0.2424342105263157,-2.3385080764168187,False,False,0.75
2021,Cheteshwar Pujara,CSK,-0.9112885728061711,0.14612405699265807,,2.2624025,,,False,False,0.5
2021,James Neesham,MI,-0.9624027501149524,-3.0168675000206173,,0.32531592,0.7638035372578166,0.4384876147591136,False,True,0.5
2021,Karun Nair,KKR,0.1489161077087584,29.906069404354653,,3.3649626,,,False,False,0.5
2021,Pawan Negi,KKR,0.2133324298987782,22.334113422614408,,2.978398,,,False,False,0.5
2021,J Suchith,SRH,-0.1527928966850802,1.9922345629879183,,2.239006,0.1374870705259702,-2.1015189719544987,False,False,0.3
2021,Jagadeesha Suchith,SRH,-0.1527928966850802,1.9922345629879183,,2.239006,0.1374870705259702,-2.1015189719544987,False,False,0.3
2021,Akash Singh,RR,2.2441976194107167,1.4337869025924244,,0.14752321,-0.6442152917505037,-0.7917385012031328,False,False,0.2
2021,KC Cariappa,RR,-1.0098568602932343,-1.6158097084242857,,1.6592493,,,False,False,0.2
2021,Kuldip Yadav,RR,1.2214082375788635,16.429430041551292,,3.5317378,-0.520531758482351,-4.052269562895193,False,False,0.2
2021,Sachin Baby,RCB,-0.3302550272308333,4.1749159986423825,,2.8324702,-1.2964274785801717,-4.1288976571842975,False,False,0.2
2021,Sheldon Jackson,KKR,0.7286525974025979,0.7286525974025979,,3.2078016,,,False,False,0.2
2021,Vishnu Vinod,DC,-0.9977429828236276,-0.9977429828236276,,0.98067427,,,False,False,0.2
2021,Yudhvir Singh,MI,0.7786287006578938,92.53526822708363,,1.9916788,,,False,False,0.2
2021,Aaron Finch,-,-0.0839506172839534,42.59766823909103,,4.662241,,,False,False,
2021,Alex Carey,-,0.1656119373967142,0.1656119373967142,,4.2478933,,,False,False,
2021,Alex Hales,-,2.0810676070038916,2.0810676070038916,,3.293049,,,False,False,
2021,Ankit Rajpoot,-,-4.100217196983915,0.8013811425493133,,1.2800725,,,False,False,
2021,Billy Stanlake,-,3.875682102320871,4.515833617472387,,4.086919,,,False,False,
2021,Chris Green,-,0.2295543905635644,0.2295543905635644,,4.4388475,,,False,False,
2021,Corey Anderson,-,-4.460519773673076,3.9895761959051335,,1.4754721,,,False,False,
2021,Darren Bravo,-,3.228139668703488,72.92784799955558,,4.7078667,9.023393235791731,4.31552656709056,False,False,
2021,Evin Lewis,-,-1.325092516447369,6.412383164486479,,3.2838542,6.612821297429621,3.3289670512900944,False,False,
2021,Himmat Singh,-,12.68217241717118,156.57404421427356,,6.261852,0.0467972153607065,-6.215054572206432,False,False,
2021,Ish Sodhi,-,-0.7212096060937006,8.742695216509876,,4.6011033,,,False,False,
2021,Isuru Udana,-,-0.7541937004306751,-0.7541937004306751,,1.6545084,,,False,False,
2021,Jason Behrendorff,-,1.7679391619661544,1.7679391619661544,,2.1617763,,,False,False,
2021,Jason Roy,-,1.478526264591439,3.5349700224464886,,2.6493597,2.7836214810281508,0.13426177796418592,False,False,
2021,Karan Sharma,-,1.791906946264742,26.41992106787235,,0.121350214,,,False,False,
2021,Karanveer Singh,-,-4.594996549344374,-1.6838561883532241,,0.4962835,,,False,False,
2021,Martin Guptill,-,2.786698190789473,7.778899291659932,,4.299832,,,False,False,
2021,Matthew Wade,-,-0.925168239480198,-0.925168239480198,,0.98067427,,,False,False,
2021,Mitchell McClenaghan,-,3.472797165910344,25.018763322817243,,3.021439,,,False,False,
2021,Mohit Sharma,-,-0.8756553079947578,20.33086505945285,,2.9757228,,,False,False,
2021,Oshane Thomas,-,1.6346595487510065,1.6346595487510065,,2.0960739,,,False,False,
2021,Pratyush Singh,-,1.0276607472737034,-4.120529949006969,,-0.60695535,-0.5628136474908199,0.04414170195452316,False,False,
2021,Rahul Sharma,-,5.3894235442791825,170.3162371905365,,6.3565435,8.020553230644573,1.6640096896899834,False,False,
2021,Sandeep Lamichhane,-,0.341283052120001,4.028223350627464,,2.5295222,,,False,False,
2021,Scott Kuggeleijn,-,0.8548885307547689,0.8548885307547689,,2.3522077,,,False,False,
2021,Sean Abbott,-,-1.101997624699555,-1.101997624699555,,0.8839287,,,False,False,
2021,Shaun Marsh,-,7.315264976958527,78.64938672161885,,3.7989473,,,False,False,
2021,Sheldon Cottrell,-,2.4971256300658595,2.4971256300658595,,3.3186698,,,False,False,
2021,Siddhesh Lad,-,0.0782791940789471,0.0782791940789471,,4.0508223,,,False,False,
2021,Simarjeet Singh,-,-0.5141664921100411,0.9734982427380177,,2.5916288,,,False,False,
2021,Sudhesan Midhun,-,-1.0952289820037606,-1.0952289820037606,,0.8839287,,,False,False,
2021,Tejas Baroka,-,-0.1811363636363641,-0.1811363636363641,,3.6030004,,,False,False,
2021,Tushar Deshpande,-,-2.1895266914265745,-2.1895266914265745,,0.58246917,,,False,False,
2021,Varun Aaron,-,-2.9386182454767065,2.295082137391592,,0.6774769,,,False,False,
2021,Vivek Singh,-,-1.1957031250000003,-1.5938929745017252,,0.46780518,-1.4460067319461445,-1.9138119089194874,False,False,
2021,Wayne Parnell,-,5.925944404846756,13.721679624907988,,3.730661,,,False,False,
2022,KL Rahul,LSG,18.855071909424723,82.1233513939845,0.984085888427554,8.124184,18.125,10.000816345214844,False,False,17.0
2022,Ravindra Jadeja,CSK,16.170534067316993,133.48094922893375,,8.384258,8.26003369271167,-0.12422457755200256,True,False,16.0
2022,Rohit Sharma,MI,8.020553230644573,178.33679042118106,,7.391936,4.311970338983045,-3.0799654863648556,True,False,16.0
2022,Rishabh Pant,DC,9.188257343941252,78.39976359617062,,5.582109,13.311970338983045,7.729861364526258,False,False,16.0
2022,Ishan Kishan,MI,6.877952876376991,37.20600277600834,1.575176328116683,6.2978415,7.9690148305084705,1.6711732815887927,False,False,15.25
2022,Virat Kohli,RCB,6.302333231334153,157.34205590497245,,5.636911,4.456038135593218,-1.180872779781538,True,False,15.0
2022,Hardik Pandya,GT,1.058200734394125,57.137062005328765,,7.755223,20.064389931320683,12.309167133926884,False,False,15.0
2022,Rashid Khan,GT,13.078757967018744,107.5000826873894,,13.119081,25.322068428472527,12.20298788495446,False,False,15.0
2022,Deepak Chahar,CSK,3.1321029758723604,46.46497306314841,,5.4484363,,,False,False,14.0
2022,Sanju Samson,RR,12.984057527539782,76.14815486271218,,5.305747,17.21001059322034,11.904263561054812,False,False,14.0
2022,Kane Williamson,SRH,1.8172429620563015,38.77018018753809,,1.5976503,-2.3127648305084776,-3.910415120044,True,False,14.0
2022,Shreyas Iyer,KKR,-1.244316095471234,30.882343198770016,,3.330382,11.71580858539032,8.385426476701966,False,False,12.25
2022,MS Dhoni,CSK,0.0718558751529983,137.68064993750926,-0.6418333333333344,7.2847824,4.302436440677965,-2.9823459689900034,True,False,12.0
2022,Jasprit Bumrah,MI,8.248668094860463,86.27939753252271,,10.5783825,11.664639937671057,1.0862574456056269,False,False,12.0
2022,Andre Russell,KKR,4.5346483583262085,80.21657936428304,,4.077173,14.933492516082318,10.856319283050091,False,False,12.0
2022,Mayank Agarwal,PBKS,13.740146878824971,54.57706794513717,,5.670497,3.669226694915253,-2.00127024569754,True,False,12.0
2022,Liam Livingstone,PBKS,-0.2424342105263157,1.4161063605326774,,3.5731401,24.02818782902883,20.455047684680686,False,False,11.5
2022,Glenn Maxwell,RCB,17.058313420917177,79.27903468473616,,5.6203666,21.510699589130688,15.890333015796948,False,False,11.0
2022,Harshal Patel,RCB,7.256963968634317,16.48736975970668,,2.0182178,11.37684974534993,9.3586319433022,False,False,10.75
2022,Nicholas Pooran,SRH,0.7897108323133413,22.284328853893335,,8.2025795,9.8103813559322,1.607801857641185,False,False,10.75
2022,Shardul Thakur,DC,1.8812999477895511,15.328572826549417,,1.7447201,2.6686689533310837,0.9239488519745773,False,False,10.75
2022,Avesh Khan,LSG,9.50807955135956,8.06108447273861,,6.4958587,4.93899918477052,-1.5568594845104862,True,False,10.0
2022,Lockie Ferguson,GT,5.128078122960522,13.701465303967947,,4.055973,2.308712000939844,-1.7472610520386715,True,False,10.0
2022,Jos Buttler,RR,9.652532129742962,64.49147535072416,,7.206503,33.53283898305084,26.326336068622126,False,False,10.0
2022,Marcus Stoinis,LSG,-1.6635900470140328,16.07732794265572,,6.3181877,3.4696019425798994,-2.8485857710431475,True,False,9.5
2022,Kagiso Rabada,PBKS,3.8524267083529233,20.95111164532083,,6.906559,5.639858985940258,-1.266700004538258,True,False,9.25
2022,Rahul Tewatia,GT,-2.421378854522491,32.78343594999948,,8.597015,4.968580325901273,-3.6284350549581017,True,False,9.0
2022,Shahrukh Khan,PBKS,-0.5109241126070991,10.465099785801812,,1.301745,2.768273305084744,1.4665282479787258,False,False,9.0
2022,Axar Patel,DC,9.223554946570482,98.50746901031991,,11.568928,16.4737433797334,4.904815614840821,False,False,9.0
2022,Jason Holder,LSG,6.086022268864099,12.884911743742727,,2.265806,1.8983755342253472,-0.36743042547619087,True,False,8.75
2022,Washington Sundar,SRH,0.1446148740669182,34.24657525171196,1.9408225737101192,7.409644,5.391942405268265,-2.0177017216238244,True,False,8.75
2022,Rahul Tripathi,SRH,13.221656976744184,35.35118627238034,,4.3823614,17.82176906779661,13.43940765574827,False,False,8.5
2022,Shimron Hetmyer,RR,10.707152692778456,17.786271134136477,,5.1693254,11.683527542372882,6.5142021906577945,False,False,8.5
2022,Krunal Pandya,LSG,5.425256650059467,87.11734574023562,,4.7176065,14.376554849781854,9.658948305287225,False,False,8.25
2022,Shikhar Dhawan,PBKS,12.064106487148102,122.02035344141945,,8.719563,8.229608050847453,-0.48995447967012495,True,False,8.25
2022,Tim David,MI,-0.2581930844553243,-0.2581930844553243,,3.5965965,11.899099576271183,8.30250309685529,False,False,8.25
2022,Jofra Archer,MI,24.31441840029934,47.24300024110007,,15.244948,,,False,False,8.0
2022,Nitish Rana,KKR,6.977808204797943,42.99599984069592,,5.26167,12.211013357221328,6.949343244611464,False,False,8.0
2022,Trent Boult,RR,4.370690575521665,23.686761846379014,,3.8641782,11.75731265598109,7.8931344752865105,False,False,8.0
2022,Moeen Ali,CSK,16.910157610288408,40.995641161893914,,8.884944,15.385434758622218,6.50049079652505,False,False,8.0
2022,Suryakumar Yadav,MI,10.757787637698897,56.90822538929295,,5.958921,11.68061440677966,5.7216934511217,False,False,8.0
2022,Venkatesh Iyer,KKR,8.702688176180702,8.702688176180702,,5.3440375,-0.2938101499641199,-5.637847682770516,True,False,8.0
2022,Shubman Gill,GT,6.741623317013463,20.56948877021909,,3.6202054,13.724046610169488,10.10384120779522,False,False,8.0
2022,Devdutt Padikkal,RR,7.690988372093024,14.192317719813445,,8.421416,7.458951271186436,-0.9624650114673727,True,False,7.75
2022,Josh Hazlewood,RCB,0.1507796780684032,2.7391807265611927,,3.152338,5.98923641098995,2.836898383035848,False,False,7.75
2022,Mark Wood,LSG,-1.870713472474257,-1.870713472474257,,0.87828344,,,False,False,7.5
2022,Prithvi Shaw,DC,20.533843329253365,41.224140424333484,,10.935212,11.301112288135592,0.36590015282065025,False,False,7.5
2022,Pat Cummins,KKR,3.951631268639989,21.972546458539554,,5.083357,1.5032414698579384,-3.5801153874418663,True,False,7.25
2022,Shivam Mavi,KKR,6.1543184289334505,10.40954349115006,,4.0047565,-2.4167179988696352,-6.421474449522711,True,False,7.25
2022,Faf Du Plessis,RCB,18.963685740514073,62.6651159713704,,9.314199,11.474841101694912,2.1606416540630757,False,False,7.0
2022,Mohammed Siraj,RCB,10.015738740890864,17.24213269098801,0.0038732394366194,9.814799,-4.581907839379959,-14.396707148156814,True,False,7.0
2022,Ambati Rayudu,CSK,9.772070073439412,87.32725177887453,,2.5051935,5.560911016949149,3.0557175450405794,False,False,6.75
2022,Jonny Bairstow,PBKS,8.136145960832312,28.978473516082158,,6.993192,9.172669491525422,2.179477295633088,False,False,6.75
2022,Quinton De Kock,LSG,3.787201652386777,47.88698085133146,,5.351336,19.842690677966104,14.49135467561625,False,False,6.75
2022,Abhishek Sharma,SRH,5.142789663316494,8.998774636300652,,2.5795386,11.871973748340968,9.292435164585475,False,False,6.5
2022,Mitchell Marsh,DC,-0.1223251272999642,10.044220685477821,,1.8090149,9.036188409294402,7.227173492874419,False,False,6.5
2022,Yuzvendra Chahal,RR,7.11557310509322,68.9358411502553,,5.394636,13.687464279137092,8.292828124962288,False,False,6.5
2022,Anrich Nortje,DC,8.214864185110656,13.601686684744678,,7.7344046,-1.1030309747509115,-8.83743553865472,True,False,6.5
2022,David Warner,DC,0.2283736230110165,167.9259605157696,,9.525123,16.454713983050844,6.929591340533754,False,False,6.25
2022,Mohammed Shami,GT,6.392883386610968,16.21650430786613,1.5791666666666655,3.8495908,10.048801049082044,6.199210270731214,False,False,6.25
2022,Ruturaj Gaikwad,CSK,18.830492656058752,21.45638455845984,,14.912149,8.828919491525419,-6.0832299377958705,True,False,6.0
2022,Kieron Pollard,MI,10.742444107730837,128.26546508895026,,8.817559,-0.0225233931962094,-8.840082635444745,True,False,6.0
2022,Sunil Narine,KKR,15.751965049168934,173.69324720298647,,8.225846,28.63212750284179,20.40628121225341,False,False,6.0
2022,Deepak Hooda,LSG,3.956760314026136,18.304532983192516,,3.1384203,13.124886883934185,9.986466540535137,False,False,5.75
2022,Rahul Chahar,PBKS,5.343818279936648,30.010226160728685,,6.9530344,10.064575977481562,3.1115415765416206,False,False,5.25
2022,R Ashwin,RR,7.264155326697019,151.8996795271645,11.015492957746478,8.329982,22.33290335998372,14.002921556089678,False,False,5.0
2022,Manish Pandey,LSG,5.078167074663401,59.968615727452,,6.2586036,0.5222457627118633,-5.736357810133596,True,False,4.6
2022,Dwayne Bravo,CSK,9.023393235791731,81.95124123534734,,5.0257316,5.026860302849407,0.0011287392812917574,False,False,4.4
2022,Bhuvneshwar Kumar,SRH,3.6948254090023536,103.00831586080004,,6.5645413,12.611527281213675,6.046985941339408,False,False,4.2
2022,Chetan Sakariya,DC,3.4351448193444516,3.4351448193444516,,4.896852,2.540581678531284,-2.3562703379176906,True,False,4.2
2022,Marco Jansen,SRH,0.6653837344753952,0.6653837344753952,,3.225313,3.481176593626756,0.2558636453998271,False,False,4.2
2022,Kartik Tyagi,SRH,0.5083666318596982,-0.5012722053345895,,2.319737,0.4549891329197097,-1.864747824630339,False,False,4.0
2022,Shivam Dube,CSK,1.4049028103751002,5.771119644100946,,2.7399354,9.571703083424886,6.831767685323079,False,False,4.0
2022,T Natarajan,SRH,0.064134808853117,9.577685311199138,0.1288732394366194,4.2874618,0.1449044585987238,-4.142557299061188,False,False,4.0
2022,Yashasvi Jaiswal,RR,9.666187270501837,8.848495037586506,,8.71326,6.991388295305167,-1.7218714016552825,False,False,4.0
2022,Arshdeep Singh,PBKS,2.729156010112075,2.9972087195039903,,3.9137063,8.530682832077014,4.616976529434192,False,False,4.0
2022,Abdul Samad,SRH,2.4396346715544177,3.742528636388832,,4.1367383,-0.239435058677471,-4.3761733590009575,False,False,4.0
2022,Umran Malik,SRH,1.2212022132796765,1.2212022132796765,,1.9010156,1.7690491423817576,-0.13196649692335716,False,False,4.0
2022,Ravi Bishnoi,LSG,8.268538018194835,20.34355916425188,,6.2755446,6.368895403756871,0.09335076035477119,False,False,4.0
2022,Harpreet Brar,PBKS,7.314267443707528,7.34161515548142,,5.455574,0.026806225431982,-5.428767810212549,False,False,3.8
2022,Riyan Parag,RR,-1.3543812138436504,0.6198123004820428,,3.1828146,3.4487651694597696,0.26595057137627354,False,True,3.8
2022,Chris Jordan,CSK,1.487567925915343,1.1456734580705747,,0.652974,-1.6314681552476338,-2.2844421647614888,False,False,3.6
2022,Anuj Rawat,RCB,-0.1277310281517747,-0.1277310281517747,,3.4265397,0.782574152542372,-2.64396550695775,False,False,3.4
2022,David Miller,GT,0.8109317625458985,53.26446447902643,,1.6547269,16.71716101694915,15.062434154041739,False,True,3.0
2022,Aiden Markram,SRH,4.071150941758259,4.071150941758259,,4.733447,11.875624817426695,7.142177742536559,False,True,2.6
2022,Daniel Sams,MI,1.80735628581772,1.92089738115226,,2.0942595,4.658401388192104,2.5641418876885638,False,True,2.6
2022,Navdeep Saini,RR,-2.6065877363323153,10.682654577948526,0.0139555386990311,5.9011745,-1.7553480085222055,-7.656522553810292,False,False,2.6
2022,Alzarri Joseph,GT,-0.3438434220908097,-0.3438434220908097,,2.8531735,1.082946919591535,-1.7702265747474542,False,False,2.4
2022,Matthew Wade,GT,-0.925168239480198,-0.925168239480198,,1.5718338,1.5384004237288131,-0.03343342522443393,False,False,2.4
2022,Sean Abbott,SRH,-1.101997624699555,-1.101997624699555,,1.3431281,-0.5219757725231959,-1.8651038576596095,False,False,2.4
2022,David Willey,RCB,0.063744632999386,0.063744632999386,,4.01335,1.3542969816664645,-2.6590530282517486,False,False,2.0
2022,Evin Lewis,LSG,6.612821297429621,13.0252044619161,,5.9502254,1.640889830508474,-4.309335522732493,False,False,2.0
2022,Jason Roy,GT,2.7836214810281508,6.318591503474639,,3.6817927,,,False,False,2.0
2022,K S Bharat,DC,3.3103044675642614,3.3103044675642614,,4.621716,0.1268538135593219,-4.494862208932133,False,False,2.0
2022,Kuldeep Yadav,DC,1.2214082375788635,16.429430041551292,1.9730204814268344,3.7270606,4.583568363381183,0.8565078069694394,False,True,2.0
2022,Mustafizur Rahman,DC,0.8562072557745375,19.540598841187833,28.69189330194945,6.4938726,6.352743223355403,-0.14112941916168698,False,False,2.0
2022,Nathan Coulter-Nile,RR,4.816551096665671,27.264793384058954,,4.364997,-2.4704332464390273,-6.835430156534242,False,False,2.0
2022,Robin Uthappa,CSK,3.3901315789473685,116.53350800986968,,3.4372015,6.172934322033896,2.7357328220949313,False,True,2.0
2022,Sam Billings,KKR,-0.6910464638157896,7.755996320081206,,2.3898237,3.287870762711865,0.8980470875562254,False,True,2.0
2022,Umesh Yadav,KKR,-2.2756463227519603,25.802281687137413,,1.4893435,13.629558875126204,12.140215351147017,False,True,2.0
2022,Adam Milne,CSK,-1.9652949674792972,-4.256728052186409,,-0.27753887,0.4592778194080176,0.7368166852126898,False,True,1.9
2022,Mitchell Santner,CSK,1.3538990825688062,7.273270577618247,,2.5275447,3.673456342755171,1.1459116058929886,False,True,1.9
2022,Wriddhiman Saha,GT,-2.0182680538555715,47.11305388213019,,1.2211423,6.445444915254235,5.22430262323153,False,True,1.9
2022,Jayant Yadav,GT,3.2399590628224653,16.41242178553926,,3.1034205,,,False,False,1.7
2022,Murugan Ashwin,MI,-1.1744732470711674,17.418164138495385,,5.5664544,4.451089605387651,-1.1153648051653278,False,False,1.6
2022,Alex Hales,KKR,2.0810676070038916,2.0810676070038916,,3.4778473,,,False,False,1.5
2022,Glenn Phillips,SRH,-1.1734488787067576,-1.1734488787067576,,0.9036421,,,False,False,1.5
2022,James Neesham,RR,0.7638035372578166,-2.2530639627628006,,0.31968996,0.2832838070184342,-0.036406152269209235,False,False,1.5
2022,Tim Southee,KKR,0.9062643763437394,12.297353185638226,,1.6746824,4.822585984085953,3.1479036053170324,False,True,1.5
2022,Tymal Mills,MI,0.7942066401340577,0.7942066401340577,,2.3259208,-4.156357063364053,-6.4822778836002595,False,False,1.5
2022,Karun Nair,RR,0.1489161077087584,29.906069404354653,,3.320873,-0.2452330508474576,-3.5661060729269254,False,False,1.4
2022,Vijay Shankar,GT,0.8003406608562003,16.149929744899165,,2.2744205,-2.1009475554229033,-4.3753680552245395,False,False,1.4
2022,Jaydev Unadkat,MI,3.65948838686956,11.325218117544244,,2.6304474,2.1258768479593027,-0.5045705397360098,False,False,1.3
2022,Kamlesh Nagarkoti,DC,-1.265069702178801,-1.4753125700109486,,1.9661189,-1.168625889846385,-3.1347448216167098,False,False,1.1
2022,Mandeep Singh,DC,0.0867656058751529,30.18227810624823,0.4640488922841879,4.002107,-0.7436440677966107,-4.74575121119871,False,False,1.1
2022,Ajinkya Rahane,KKR,-0.1495792533659732,62.62474702775863,,2.7218354,0.2846927966101695,-2.4371425782219838,False,False,1.0
2022,Mohammed Nabi,KKR,-0.8485132028400528,19.800836046932197,,5.192227,,,False,False,1.0
2022,Riley Meredith,MI,-2.3364688128772677,-2.3364688128772677,,0.7262459,3.950550518031886,3.224304637904933,False,True,1.0
2022,Sherfane Rutherford,RCB,2.9749863463207005,2.9749863463207005,,4.588396,-2.3612288135593227,-6.949624885947018,False,False,1.0
2022,Mahipal Lomror,RCB,3.7475977960787974,4.3554097453405305,,2.735287,3.283312086034888,0.5480251349698246,False,True,0.95
2022,K Gowtham,LSG,0.2987943020883845,16.92445142670538,,5.1070104,0.7300631941754336,-4.376947170357037,False,False,0.9
2022,Krishnappa Gowtham,LSG,0.2987943020883845,16.92445142670538,,5.1070104,0.7300631941754336,-4.376947170357037,False,False,0.9
2022,Finn Allen,RCB,-0.2218316939581208,-0.2218316939581208,,3.5965965,-1.08830167538785,-4.684898154803744,False,False,0.8
2022,Fabian Allen,MI,-0.2218316939581208,-0.2218316939581208,,3.5965965,-1.08830167538785,-4.684898154803744,False,False,0.75
2022,Jason Behrendorff,RCB,1.7679391619661544,1.7679391619661544,,2.090548,,,False,False,0.75
2022,Nathan Ellis,PBKS,0.6907958614600682,0.6907958614600682,,3.225313,0.1836038461049966,-3.0417091021219322,False,False,0.75
2022,Shreyas Gopal,SRH,-2.859781901322255,22.114502737601992,,4.615506,-0.597012803151057,-5.212518975331233,False,False,0.75
2022,Siddharth Kaul,RCB,0.2603197828340859,10.698046673235506,,1.5064604,-0.8401554889471718,-2.346615917185087,False,False,0.75
2022,Lalit Yadav,DC,1.102919367490129,1.102919367490129,,1.9010156,2.9499582462802643,1.0489426069751495,False,True,0.65
2022,Mayank Markande,MI,-0.0769114688128778,4.984173898396479,,2.3669899,0.3109778943424492,-2.0560119566554755,False,False,0.65
2022,Prabhsimran Singh,PBKS,1.0276607472737034,-4.120529949006969,,-0.5943116,0.3779131355932201,0.9722247305562939,False,True,0.6
2022,Sheldon Jackson,KKR,0.7286525974025979,0.7286525974025979,,3.225313,-0.3681144067796613,-3.59342735500659,False,False,0.6
2022,Ashok Sharma,KKR,5.142789663316494,22.376323883879593,,1.2219503,11.871973748340968,10.650023455753688,False,True,0.55
2022,Rinku Singh,KKR,-0.0794230582288326,24.540852190378008,,0.8276772,6.158103813559322,5.330426623255519,False,True,0.55
2022,Rishi Dhawan,PBKS,2.265952147010511,13.85611669213191,,4.988443,1.4961287514843962,-3.4923141463122347,False,False,0.55
2022,Ankit Singh Rajpoot,LSG,-4.100217196983915,0.8013811425493133,,1.5348551,,,False,False,0.5
2022,Gurkeerat Singh,GT,-2.099283075726646,10.317270171913773,,2.3511457,,,False,False,0.5
2022,Lungisani Ngidi,DC,-2.9037977867203235,7.714383921839518,,2.671437,,,False,False,0.5
2022,Pravin Dubey,DC,-0.7251218056203743,-0.7251218056203743,,2.043751,,,False,False,0.5
2022,Sandeep Sharma,PBKS,0.1668737486116189,63.03918331606568,-0.7767620056497176,9.393589,4.307933683027347,-5.085655336748044,False,False,0.5
2022,Shahbaz Nadeem,LSG,-0.3969463199022785,31.40676012237208,,2.2722065,,,False,False,0.5
2022,Tim Seifert,DC,-0.388655140758874,-0.388655140758874,,2.7346442,0.3805614406779658,-2.35408273389784,False,False,0.5
2022,Varun Aaron,GT,-2.9386182454767065,2.295082137391592,,0.7512693,-0.3895887973023608,-1.1408580782128528,False,False,0.5
2022,Vishnu Vinod,SRH,-0.9977429828236276,-0.9977429828236276,,1.5034451,,,False,False,0.5
2022,Basil Thampi,MI,-1.190629095674968,-5.621919620217293,,1.399535,-0.4769108280254812,-1.8764457687450857,False,False,0.3
2022,K C Cariappa,RR,-1.0098568602932343,-1.6158097084242857,,1.5069256,,,False,False,0.3
2022,Ishan Porel,PBKS,-0.6666498993963792,-0.6666498993963792,,2.043751,,,False,False,0.25
2022,Aman Khan,KKR,9.50807955135956,8.06108447273861,,6.4958587,4.93899918477052,-1.5568594845104862,False,False,0.2
2022,Anmolpreet Singh,MI,0.2117656058751529,0.2117656058751529,,4.2909174,0.0034427966101693,-4.287474599935241,False,False,0.2
2022,Ansh Patel,PBKS,9.223554946570482,98.50746901031991,,11.568928,16.4737433797334,4.904815614840821,False,True,0.2
2022,Anukul Roy,KKR,1.5439665592264302,1.5439665592264302,,1.9010156,0.8115075553593984,-1.0895080839457163,False,False,0.2
2022,Anunay Singh,RR,2.729156010112075,3.7304932268291493,,1.4649435,8.530682832077014,7.06573930390166,False,True,0.2
2022,Jagadeesha Suchith,SRH,0.1374870705259702,2.1297216335138884,,2.0495076,3.3565819261959335,1.307074308245494,False,True,0.2
2022,Jitesh Sharma,PBKS,-0.9188034872769552,-2.6049818652411822,,-0.44223493,10.66445974576271,11.106694679139022,False,True,0.2
2022,K M Asif,CSK,0.2179577464788731,-1.641922646078886,,0.5809154,,,False,False,0.2
2022,Karan Sharma,LSG,1.791906946264742,26.41992106787235,,-0.06432963,0.0010593220338982,0.06538895366050419,False,True,0.2
2022,Manan Vohra,LSG,0.1407588739290082,23.42461528772577,,1.6897511,0.8781779661016946,-0.8115731821221823,False,False,0.2
2022,Mohammed Arshad Khan,MI,4.052738678090575,4.052738678090575,,4.733447,-0.09375,-4.827197074890137,False,False,0.2
2022,Mohsin Khan,LSG,4.052738678090575,4.052738678090575,,4.733447,14.17911383286446,9.445666757974323,False,True,0.2
2022,N Jagadeesan,CSK,0.0261713813551081,0.0261713813551081,,3.7806618,0.0105932203389826,-3.7700686010263738,False,False,0.2
2022,Pradeep Sangwan,GT,-0.8166754434413402,-0.053583031889411714,,1.4201591,1.8328928421741144,0.41273374068790836,False,True,0.2
2022,Pratham Singh,KKR,1.0276607472737034,-4.120529949006969,,-0.5943116,0.3779131355932201,0.9722247305562939,False,True,0.2
2022,Priyam Garg,SRH,-0.5798271113831088,0.707620638203748,,4.773221,1.633739406779661,-3.139481609150515,False,False,0.2
2022,Ramesh Kumar,KKR,-2.9827392506843737,14.765136578545814,,1.9130388,,,False,False,0.2
2022,Ripal Patel,DC,0.1964541071397785,0.1964541071397785,,4.2909174,0.3757944915254236,-3.9151229050199867,False,False,0.2
2022,Sarfaraz Khan,DC,-0.5109241126070991,10.465099785801812,,1.301745,2.768273305084744,1.4665282479787258,False,True,0.2
2022,Shashank Singh,SRH,-0.5141664921100411,0.9734982427380177,,2.7874143,2.718821144051919,-0.0685931683107519,False,False,0.2
2022,Simarjeet Singh,CSK,-0.5141664921100411,0.9734982427380177,,2.7874143,3.353678216941529,0.5662639045788582,False,True,0.2
2022,Tejas Baroka,RR,-0.1811363636363641,-0.1811363636363641,,3.5965965,,,False,False,0.2
2022,Tushar Deshpande,CSK,-2.1895266914265745,-2.1895266914265745,,0.7262459,-0.2500702510303494,-0.9763161311573025,False,False,0.2
2023,Sam Curran,PBKS,-1.4888473435472087,13.362493494042972,,3.212743,4.207345245215315,0.9946022013157787,False,False,18.5
2023,Cameron Green,MI,0.2295543905635644,0.2295543905635644,,3.008614,19.73369841507178,16.72508435180884,False,False,17.5
2023,Ben Stokes,CSK,-0.8254969073929503,33.297068575000345,,3.4408994,-1.202635316985646,-4.643534689086476,True,False,16.25
2023,Nicholas Pooran,LSG,9.8103813559322,32.094710209825536,,5.6479363,15.08203125,9.434094905853271,False,False,16.0
2023,Mayank Agarwal,SRH,3.669226694915253,58.246294640052426,,7.0564566,3.80859375,-3.2478628158569336,True,False,8.25
2023,Shivam Mavi,GT,-2.4167179988696352,7.992825492280425,,1.448144,,,False,False,6.0
2023,Jason Holder,RR,1.8983755342253472,14.783287277968073,,1.8527254,-0.511677631578948,-2.364403018198516,True,False,5.75
2023,Mukesh Kumar,DC,0.5395806028833547,0.5395806028833547,,2.2107806,-1.332229366028706,-3.543009986603657,True,False,5.5
2023,Heinrich Klaasen,SRH,-0.2570929276315792,0.24514442645402346,,3.2682009,20.1796875,16.911486625671387,False,False,5.25
2023,Rilee Rossouw,DC,0.3916170634920635,0.010897439576923462,,2.4964206,5.890625,3.3942043781280518,False,False,4.6
2023,Manish Pandey,DC,0.5222457627118633,60.49086149016386,,3.0115635,-0.37109375,-3.382657289505005,True,False,2.4
2023,Adil Rashid,SRH,-1.2019114688128778,-1.2019114688128778,,0.7201205,1.9878027811004788,1.2676822915031583,False,False,2.0
2023,Kane Williamson,GT,-2.3127648305084776,36.45741535702961,,3.4330428,,,False,False,2.0
2023,Adam Zampa,RR,1.2282437745740469,7.606275093751856,,2.5394626,2.4138494318181856,-0.12561313455754686,True,False,1.5
2023,Jhye Richardson,MI,-4.404769667577069,-4.404769667577069,,0.41525343,,,False,False,1.5
2023,Shakib Al Hasan,KKR,3.6648318922100502,59.39266779895654,9.2792017216001,8.644652,,,False,False,1.5
2023,David Wiese,KKR,-1.0429186107835928,5.4016927888737225,,2.4646766,0.0405315490430622,-2.4241450695329876,True,False,1.0
2023,Kyle Jamieson,CSK,-1.2206039326534557,-1.2206039326534557,,0.7201205,,,False,False,1.0
2023,Daniel Sams,LSG,4.658401388192104,6.579298769344364,,3.2937183,,,False,False,0.75
2023,Rajan Kumar,RCB,-2.9827392506843737,14.765136578545814,,1.5205483,,,False,False,0.7
2023,Avinash Singh,RCB,8.530682832077014,12.264618855516332,,3.6273642,3.901442882775129,0.27407872414475776,False,False,0.6
2023,Vaibhav Arora,KKR,-0.9615883638892267,-0.9615883638892267,,1.0029868,3.289331638755982,2.2863448500062873,False,False,0.6
2023,Ajinkya Rahane,CSK,0.2846927966101695,62.9094398243688,,1.7499138,14.36328125,12.613367438316345,False,False,0.5
2023,Amit Mishra,LSG,1.1827464788732378,96.59375203810686,,6.336013,2.8420678827751225,-3.4939449574958736,False,False,0.5
2023,Ishant Sharma,DC,0.4423541247484888,28.2931411629977,,4.1345415,5.743933163875603,1.6093916523399585,False,False,0.5
2023,Jaydev Unadkat,LSG,2.1258768479593027,13.451094965503545,,4.4604945,-0.7314331638755984,-5.191927682155628,False,False,0.5
2023,Mandeep Singh,KKR,-0.7436440677966107,29.438634038451617,0.4640488922841879,1.7278847,-0.4375,-2.1653846502304077,False,False,0.5
2023,Mayank Markande,SRH,0.3109778943424492,5.295151792738928,,1.8520421,10.098198265550243,8.24615618657838,False,False,0.5
2023,Mohit Sharma,GT,-0.8756553079947578,20.33086505945285,,3.0840101,9.24713292464115,6.163122800434607,False,False,0.5
2023,Odean Smith,GT,-4.286332284992161,-4.286332284992161,,0.41525343,,,False,False,0.5
2023,Piyush Chawla,MI,-0.7746773480540533,63.76768321410221,,3.4378839,13.373377691387574,9.93549383747522,False,False,0.5
2023,Romario Shepherd,LSG,0.4066434256148739,0.4066434256148739,,2.8994608,-0.13671875,-3.036179542541504,False,False,0.5
2023,Sikandar Raza,PBKS,,,41.21551144726969,8.522656,3.149431818181819,-5.373224622553044,False,False,0.5
2023,Anmolpreet Singh,SRH,0.0034427966101693,0.2152084024853222,,2.9563096,1.77734375,-1.1789658069610596,False,False,0.2
2023,Kulwant Khejroliya,KKR,0.1575308890679565,0.2511722711983992,,3.0289767,-2.2919856459330132,-5.32096232478128,False,False,0.2
2023,Murugan Ashwin,RR,4.451089605387651,21.869253743883036,,1.9285029,-1.5285586124401904,-3.4570615297299243,False,False,0.2
2023,Prerak Mankad,LSG,0.3752648305084746,0.3752648305084746,,2.9596267,1.5078125,-1.4518141746520996,False,False,0.2
2023,Sanvir Singh,SRH,3.353678216941529,7.045997603731466,,4.446895,0.14453125,-4.302363872528076,False,False,0.2
2023,Sonu Yadav,RCB,11.68061440677966,68.58883979607262,,7.623896,29.140625,21.51672887802124,False,True,0.2
2023,Suyash Sharma,KKR,4.307933683027347,68.12860949803915,,3.8471556,7.471979665071778,3.6248240940878915,False,True,0.2
2023,Vishnu Vinod,MI,-0.9977429828236276,-0.9977429828236276,,0.953657,0.25,-0.7036569714546204,False,False,0.2
2025,Heinrich Klaasen,SRH,16.86638427109974,37.29121619755376,,10.329741,15.477941176470589,5.148200652178597,False,False,23.0
2025,Virat Kohli,RCB,19.671819053708433,196.6769443442741,,11.617213,10.169117647058826,-1.448095602147717,True,False,21.0
2025,Nicholas Pooran,LSG,18.926023017902807,66.10276447772834,,14.535821,20.720588235294116,6.184767274295581,False,False,21.0
2025,Ruturaj Gaikwad,CSK,10.49048913043478,58.33438693042004,,7.77405,2.5882352941176467,-5.185814941630644,True,False,18.0
2025,Ravindra Jadeja,CSK,19.364638479197488,182.93089801567547,,12.049909,11.610140818860168,-0.4397678191403198,True,False,18.0
2025,Jasprit Bumrah,MI,26.627655634945206,124.57169310513898,,14.872877,21.843242100167345,6.970364979195665,False,False,18.0
2025,Sanju Samson,RR,12.504140025575444,118.29980548150795,,12.95716,3.970588235294116,-8.986571760738599,True,False,18.0
2025,Yashasvi Jaiswal,RR,12.100319693094626,51.78785927598629,,11.978757,14.441176470588232,2.462419565986181,False,False,18.0
2025,Pat Cummins,SRH,10.5680412752935,34.043829203691,,5.2831244,12.870737044430609,7.587612597561712,False,False,18.0
2025,Rashid Khan,GT,10.767475894790223,164.16125530012582,,12.413266,7.05479826504293,-5.358467916902871,True,False,18.0
2025,Axar Patel,DC,16.175270480747045,152.71123765548936,,12.14559,14.39095569691085,2.24536586841964,False,False,16.5
2025,Shubman Gill,GT,9.947810102301794,75.92103298269036,3.934928443649373,18.710495,14.080882352941174,-4.6296126421760135,True,False,16.5
2025,Suryakumar Yadav,MI,12.446499360613808,110.17596415668643,,15.496856,21.838235294117652,6.3413795583388435,False,False,16.35
2025,Hardik Pandya,MI,3.666699814714988,91.06838350973763,,8.543012,11.346324342754212,2.8033126774099735,False,False,16.35
2025,Rohit Sharma,MI,9.11638427109974,197.99170753126387,,7.063749,7.161764705882348,0.09801586936501394,False,False,16.3
2025,Riyan Parag,RR,12.534388089576504,17.056090559518317,,6.5762215,17.680189255030356,11.103967788965903,False,False,14.0
2025,Dhruv Jurel,RR,3.237659846547313,9.522816096547313,-1.616636851520573,2.9499428,7.808823529411768,4.858880702187037,False,False,14.0
2025,Abhishek Sharma,SRH,26.622998883702437,52.46275893102348,9.55047899286108,13.810458,17.813469927150543,4.003011743861968,False,False,14.0
2025,Travis Head,SRH,23.93069742633519,28.794227135872966,,11.800112,8.455882352941174,-3.344229417688709,True,False,14.0
2025,Kuldeep Yadav,DC,9.002541679569077,42.461899235219256,11.054906542056074,10.085717,20.56570883120736,10.47999162997445,False,False,13.25
2025,Matheesha Pathirana,CSK,8.855318883906328,25.87088111175361,,6.7425003,7.4207048360691985,0.6782045308934173,False,False,13.0
2025,Rinku Singh,KKR,5.953359533193922,55.459031833522126,,6.332533,4.2867647058823515,-2.045768176808078,False,False,13.0
2025,Shivam Dube,CSK,11.003744542757635,40.72547352028347,,8.936986,-1.3249325251095088,-10.261918494652965,False,False,12.0
2025,Sunil Narine,KKR,41.92387140532432,254.76298713986074,,15.012512,20.651314231280757,5.638802024249507,False,True,12.0
2025,Andre Russell,KKR,8.896469031981407,108.83001130708361,,6.5602655,1.039731974379059,-5.520533566697601,False,False,12.0
2025,Rajat Patidar,RCB,14.586460997442458,27.845384845543194,,7.683442,4.257352941176471,-3.4260891746072204,False,False,11.0
2025,Shimron Hetmyer,RR,3.5563299232736565,42.37378484978302,,6.3870964,2.5220588235294095,-3.8650375814998874,False,False,11.0
2025,Ravi Bishnoi,LSG,8.841250587776539,48.579168672531694,26.53397672746727,9.680568,-0.9097634930260784,-10.590331234420121,False,False,11.0
2025,Mayank Yadav,LSG,5.106925759840557,5.106925759840557,,3.7065916,-1.0843402946772276,-4.790931900817364,False,False,11.0
2025,Tristan Stubbs,DC,18.18556682047616,17.51963675853877,,11.519534,4.489089433835568,-7.030444677187381,False,False,10.0
2025,Tilak Varma,MI,9.13269137462615,32.88657166782185,16.063416815742396,13.042255,2.882352941176471,-10.159902460434857,False,False,8.0
2025,Nitish Kumar Reddy,SRH,4.6232456781698765,4.19283299874404,,3.871029,-0.6620407217796194,-4.533069621926104,False,False,6.0
2025,Shashank Singh,PBKS,11.869505412322852,14.58832655637477,,9.13564,6.209677669129684,-2.9259624752184603,False,False,5.5
2025,Yash Dayal,RCB,9.242501245640256,8.167369958935492,,7.076996,5.083596639399089,-1.9933992102102858,False,False,5.0
2025,MS Dhoni,CSK,8.088459079283886,154.4582642074711,-0.6418333333333344,4.2820663,0.720588235294116,-3.5614781099207278,False,False,4.0
2025,Harshit Rana,KKR,7.825373692077726,9.938318890796287,,4.5862327,1.109351095865092,-3.4768815663358357,False,False,4.0
2025,Ramandeep Singh,KKR,5.953359533193922,7.211508454265101,-0.2282805020090395,3.9030826,0.3161764705882355,-3.5869061385884002,False,False,4.0
2025,Abhishek Porel,DC,9.609351023017904,9.496069773017904,,8.775546,5.19852941176471,-3.577016662148864,False,False,4.0
2025,Sandeep Sharma,RR,10.766243148978576,86.7750489937654,-0.7767620056497176,8.34257,5.163252211640812,-3.179318093229793,False,False,4.0
2025,Prabhsimran Singh,PBKS,1.0276607472737034,-4.120529949006969,,0.12498259,16.816176470588232,16.691193882595087,False,True,4.0
2025,Rahul Tewatia,GT,3.096595268542199,44.36277497147644,,4.7525992,2.647058823529413,-2.105540415819952,False,False,4.0
2025,Shahrukh Khan,GT,-1.8515625,11.381810590886555,,5.078663,,,False,False,4.0
2025,Mohsin Khan,LSG,2.206389298261708,14.600361833279278,,3.0466313,-1.253557624987963,-4.300188961200121,False,False,4.0
2025,Ayush Badoni,LSG,2.371523612369493,10.449927464076264,,2.9851296,5.367133351725722,2.382003756922866,False,True,4.0
