Rank,Player,Year,Team,Price (Cr),Prior WAR,Predicted (Cr),Overpaid (Cr),Premium %,Next WAR,Shortfall,Dud Score
1,Gautam Gambhir,2011,KKR,30.57171314741036,8.938776408450703,4.4479075693114565,26.123805578098903,587.327977729153,18.80664451827242,-9.867868109821718,54.296875
2,Yuvraj Singh,2015,DC,24.432913269088218,12.222695065196422,3.5473430735543285,20.885570195533887,588.7665715570947,5.997547301246584,6.225147763949838,91.2109375
3,Mitchell Starc,2024,KKR,24.75,11.491415527355374,5.229006935400707,19.520993064599292,373.3212310819658,0.1969729996330158,11.294442527722358,94.7265625
4,Yuvraj Singh,2014,RCB,22.46105919003115,10.896591243236884,4.941081229172087,17.519977960859062,354.57781704581805,2.5842828213869264,8.312308421849957,91.40625
5,Pat Cummins,2024,SH,20.5,1.5032414698579384,3.0580458502898997,17.4419541497101,570.3627415545983,12.870737044430609,-11.36749557457267,52.9296875
6,Sam Curran,2023,PBK,19.32555780933063,-1.4888473435472087,2.6040732835971987,16.72148452573343,642.1280319206228,1.0700119434918918,-2.5588592870391005,67.96875
7,Pat Cummins,2020,KKR,19.177177177177175,7.770148024018984,4.281739648305094,14.89543752887208,347.8828409094973,3.951631268639989,3.818516755378995,84.375
8,Dinesh Karthik,2014,DC,20.054517133956384,13.738321865443432,5.75579958327295,14.298717550683435,248.42278372994846,1.3244047619047628,12.413917103538669,93.1640625
9,Ravindra Jadeja,2012,CSK,18.315272727272728,15.865192596697865,4.3138479727483166,14.001424754524411,324.56926722904933,13.248112944013169,2.617079652684696,80.46875
10,Glenn Maxwell,2021,RCB,16.45179691956646,1.2530261093764867,3.0172249663510415,13.434571953215418,445.26252112592266,21.510699589130688,-20.257673479754203,49.0234375
11,Dinesh Karthik,2015,RCB,16.03409933283914,7.167858003857283,2.7039495153253985,13.330149817513743,492.9881176390812,6.050643939393943,1.1172140644633402,79.296875
12,Ishan Kishan,2022,MI,16.799465240641712,6.877952876376991,3.9818676890086326,12.81759755163308,321.8991325858013,12.31640625,-5.438453373623009,58.984375
13,Nicholas Pooran,2023,LSG,16.713995943204868,9.8103813559322,4.777590434356174,11.936405508848694,249.84153984847043,18.926023017902807,-9.115641661970606,51.953125
14,Irfan Pathan,2011,DC,16.619521912350596,12.731965228873236,5.4529596933912305,11.166562218959365,204.77984153253126,9.903277758760954,2.828687470112282,78.515625
15,Shreyas Iyer,2022,KKR,13.494652406417112,-1.244316095471234,2.5741510941382404,10.920501312278871,424.236997476435,7.178228900255753,-8.422544995726987,56.25
16,Jaydev Unadkat,2018,RR,15.616348055372448,10.748441034771677,4.9019217485168,10.714426306855648,218.57603724697498,-4.864554013126971,15.612995047898647,93.75
17,Rohit Sharma,2011,MI,17.542828685258964,17.18370928697183,6.925795956590072,10.617032728668892,153.29693215357457,8.357812025782193,8.825897261189636,86.328125
18,Manish Pandey,2018,SRH,14.937376400791036,8.637921554252209,4.37661437191617,10.560762028874866,241.2998069156171,6.084909539473678,2.553012014778531,78.515625
19,Robin Uthappa,2011,PWI,18.46613545816733,20.948591549295777,8.477854774012764,9.988280684154565,117.81613333094265,4.902906976744177,16.0456845725516,87.890625
20,Pawan Negi,2016,DC,12.365819209039548,5.485568116239499,2.4703528389494815,9.895466370090066,400.56894764466585,15.522425289764003,-10.036857173524504,52.34375
21,Christopher Morris,2020,RCB,12.372372372372377,-0.4148123782903576,2.758704492130386,9.61366788024199,348.4848742468215,-1.708678093653733,1.2938657153633752,78.125
22,Harshal Patel,2024,PBK,11.75,2.9946994617224973,2.1610221118555697,9.58897788814443,443.72419123054783,5.807366800531983,-2.8126673388094856,66.015625
23,Shane Watson,2016,RCB,13.820621468926554,8.24187125187406,4.391604799437922,9.429016669488632,214.7054915026836,-1.2651707163803945,9.507041968254454,89.84375
24,KL Rahul,2018,PBK,14.937376400791036,13.27574494949495,5.614563622753091,9.322812778037946,166.0469700665093,12.345446134868418,0.9302988146265321,71.2890625
25,Glenn Maxwell,2020,PBK,13.3003003003003,7.173242876616861,4.146650001245651,9.15365029905465,220.7480808919224,17.058313420917177,-9.885070544300316,49.609375
26,Jaydev Unadkat,2019,RR,11.063938618925832,1.4395342642764009,1.9878555220988334,9.076083096826999,456.57659703780763,-1.862638188320246,3.302172452596647,84.375
27,Mahela Jayawardene,2012,DC,13.10909090909091,7.082704207920791,4.12653521937907,8.98255568971184,217.67791166613299,3.2144304281345626,3.8682737797862288,82.03125
28,Shardul Thakur,2022,DC,11.842245989304812,1.8812999477895511,3.044663932469196,8.797582056835616,288.95084160243766,3.440460526315793,-1.559160578526242,68.1640625
29,Yuvraj Singh,2011,PWI,14.772908366533864,15.280122139084504,6.252710469636932,8.520197896896931,136.26407200958505,10.896591243236884,4.3835308958476205,78.125
30,Yusuf Pathan,2011,KKR,19.389442231075694,25.72758582746478,10.958636563720612,8.430805667355083,76.93297992257446,2.4915667260136978,23.23601910145108,83.3984375
31,Prasidh Krishna,2022,RR,11.016042780748664,-0.1532088953550035,2.729507090254683,8.28653569049398,303.59092013645534,15.151889296933746,-15.30509819228875,47.8515625
32,Yuvraj Singh,2016,SRH,10.18361581920904,2.5842828213869264,2.1139085666973294,8.06970725251171,381.7434386539924,6.491110180142446,-3.9068273587555193,63.671875
33,Harshal Patel,2022,RCB,11.842245989304812,7.256963968634317,4.0637529632023695,7.778493026102443,191.411562084048,2.9946994617224973,4.262264506911819,81.0546875
34,Saurabh Tiwary,2011,MI,13.8496015936255,15.631029929577466,6.3716700886310065,7.477931504994494,117.3621892058943,1.7183554817275706,13.912674447849895,86.9140625
35,Mohit Sharma,2016,PBK,9.456214689265536,5.488194072606564,2.4707012696756014,6.985513419589935,282.73403609442107,0.2806743122468882,5.207519760359676,86.23046875
36,Vinay Kumar,2012,RCB,9.363636363636363,5.63095767938745,2.489718318823569,6.873918044812794,276.0921985769389,3.5355122324159023,2.0954454469715476,78.515625
37,Washington Sundar,2022,SRH,9.63903743315508,0.1446148740669182,2.7735180587086363,6.865519374446444,247.5382971778112,2.3823489832535927,-2.2377341091866745,64.84375
38,Shahrukh Khan,2022,PBK,9.914438502673796,4.052738678090575,3.4212782977378415,6.493160204935955,189.78754839175903,5.828125,-1.7753863219094246,64.2578125
39,Avesh Khan,2022,LSG,11.016042780748664,9.50807955135956,4.586008023801036,6.430034756947628,140.2098453290145,-0.1327713815789479,9.640850932938507,86.42578125
40,Kedar Jadhav,2018,CSK,10.591957811470008,8.209148512777553,4.27697887551458,6.314978935955429,147.65045888134412,-3.5219983552631646,11.731146868040717,88.4765625
41,Nathan Coulter-Nile,2020,MI,9.8978978978979,4.492567902527581,3.5906274815799244,6.3072704163179765,175.65928096619737,4.816551096665671,-0.32398319413808974,67.578125
42,David Hussey,2011,KKR,11.079681274900397,2.600110035211266,4.851531809490812,6.228149465409585,128.37490734835055,10.740062617289244,-8.139952582077978,47.8515625
43,Sanju Samson,2018,RR,10.863546473302572,12.5767569124424,5.4076931080731105,5.455853365229461,100.89058783836036,9.856188322368418,2.7205685900739827,70.5078125
44,Sreesanth,2011,KTK,8.309760956175298,0.915933098591545,2.8908268368830847,5.418934119292214,187.4527401694858,1.8144171959538913,-0.8984840973623462,65.8203125
45,Krunal Pandya,2022,LSG,9.088235294117649,5.425256650059467,3.6830068840465167,5.405228410071132,146.7612898983347,11.560361842105266,-6.135105192045799,52.5390625
46,Dinesh Karthik,2018,KKR,10.04878048780488,10.359803100125689,4.800664466932801,5.248116020872079,109.32061711501282,6.872327302631575,3.4874757974941133,73.4375
47,Christopher Morris,2016,DC,10.18361581920904,11.014133074831632,5.0966704577698545,5.086945361439185,99.80918726428852,12.0368469836615,-1.0227139088298678,59.375
48,AB de Villiers,2011,DC,9.233067729083665,-0.2927376760563387,4.15339180633849,5.079675922745174,122.30187180975997,13.876162790697672,-14.16890046675401,40.8203125
49,Kagiso Rabada,2022,PBK,10.189839572192511,3.8524267083529233,5.189067298075857,5.000772274116654,96.37131273997885,-0.6813621411483233,4.533788849501247,74.609375
50,Krunal Pandya,2018,MI,11.949901120632829,17.44646103896104,7.024224849413606,4.925676271219222,70.12412581909912,13.789503056877937,3.656957982083103,69.3359375
51,Shahrukh Khan,2024,GT,7.4,5.828125,2.516223207227178,4.883776792772823,194.09155669280372,5.983515305153078,-0.1553903051530776,70.21484375
52,Nitish Rana,2022,KKR,8.81283422459893,6.977808204797943,4.003279947863845,4.809554276735085,120.1403434027008,11.832532147129188,-4.854723942331245,52.9296875
53,Kuldeep Yadav,2018,KKR,7.876071193144364,3.4718981287529633,3.316196333251202,4.559874859893162,137.5031633130918,3.953075322143992,-0.4811771933910287,64.84375
54,Murali Vijay,2014,DC,8.021806853582554,4.276251911314986,3.4625963949491902,4.5592104586333635,131.67028260307148,0.6601027239356574,3.616149187379329,76.3671875
55,Yuzvendra Singh Chahal,2018,RCB,8.14765985497693,5.271878229297581,3.652792164786872,4.494867690190057,123.05292738855613,9.224764665238844,-3.952886435941263,55.078125
56,Ishan Kishan,2018,MI,8.419248516809494,6.864730833682451,3.9790410489230004,4.440207467886494,111.58988845034199,-1.748766447368423,8.613497281050874,82.6171875
57,Devdutt Padikkal,2022,RR,8.537433155080214,7.690988372093024,4.159594206861479,4.377838948218734,105.24677962569638,4.4609375,3.230050872093024,72.265625
58,Dinesh Karthik,2011,DC,8.309760956175298,6.8752640845070445,3.981292710012194,4.328468246163103,108.72017109613239,1.958139534883717,4.917124549623328,76.953125
59,Axar Rajesh Patel,2019,DC,6.585677749360614,3.8259065154412895,2.2596813636077484,4.325996385752866,191.44276071056728,20.112101583632317,-16.286195068191027,44.3359375
60,Benjamin Stokes,2018,RR,16.97429136453527,20.636389645300937,12.781358865706695,4.192932498828574,32.80506042341486,-2.2347722792703983,22.871161924571336,75.0
61,Ashish Nehra,2016,SRH,8.001412429378531,13.70074363859738,3.8404209748213667,4.1609914545571645,108.34727447427059,0.0399999999999991,13.660743638597381,85.546875
62,Zaheer Khan,2011,MI,8.309760956175298,8.199862455985908,4.274846324284446,4.034914631890852,94.38736099048532,6.090351778163926,2.109510677821982,68.1640625
63,Chris Lynn,2018,KKR,13.036255767963087,14.17384530791789,9.033114035590303,4.003141732372784,44.316297974325124,9.71504934210526,4.45879596581263,66.015625
64,Ravindra Jadeja,2011,KTK,8.771414342629482,10.412526732316412,4.814277692439669,3.9571366501898133,82.1958537290878,7.631980436464989,2.7805462958514227,68.5546875
65,Sanju Samson,2016,DC,6.110169491525423,2.950843253968255,2.155937963225732,3.954231528299691,183.41119251795809,12.5767569124424,-9.625913658474145,48.2421875
66,Dwayne Bravo,2018,CSK,8.690837178642058,2.289413775265121,4.771246559749254,3.919590618892804,82.15024249551239,9.78098176387534,-7.491567988610219,43.9453125
67,Praveen Kumar,2011,RCB,7.386454183266932,4.466021126760559,3.498068097581958,3.888386085684974,111.15810147815085,14.329228020694964,-9.863206893934406,42.96875
68,Shikhar Dhawan,2022,PBK,9.088235294117649,12.064106487148102,5.260831732705735,3.8274035614119137,72.75282228887056,9.02734375,3.036762737148102,67.7734375
69,Jason Holder,2022,LSG,9.63903743315508,6.086022268864099,5.850434990435056,3.788602442720024,64.757619713988,-0.511677631578948,6.597699900443047,73.4375
70,Parthiv Patel,2012,DCH,6.086363636363636,4.201309173886138,2.3057037764800126,3.7806598598836234,163.96988626419923,5.81860665137615,-1.6172974774900126,63.4765625
71,Rahul Tripathi,2022,SRH,9.363636363636363,13.221656976744184,5.598277211860808,3.765359151775555,67.25924796646483,4.45703125,8.764625726744184,76.7578125
72,Piyush Chawla,2011,PBK,8.309760956175298,9.502728873239436,4.584690311615335,3.7250706445599633,81.25021302142217,9.888588724868988,-0.3858598516295526,59.1796875
73,Karun Nair,2016,DC,5.8192090395480225,2.6567708333333364,2.1221544537975308,3.6970545857504917,174.21232366639126,5.418917574361124,-2.762146741027788,59.9609375
74,Robin Uthappa,2014,KKR,8.021806853582554,8.623232033639141,4.373162823847271,3.6486440297352827,83.43261334425695,6.514409722222226,2.1088223114169153,67.578125
75,Amit Mishra,2015,DC,5.344699777613047,-0.4068768081002948,1.8001847626307452,3.544515014982302,196.89729013162162,7.315906411974752,-7.722783220075047,53.3203125
76,Zaheer Khan,2015,DC,6.1082283172720535,6.246946721311472,2.573464755836378,3.5347635614356756,137.35426348541054,6.423399865801338,-0.17645314448986582,66.40625
77,Abhishek Sharma,2022,SRH,7.160427807486631,5.142789663316494,3.627554600776869,3.5328732067097617,97.38993882967797,4.969011662679426,0.17377800063706772,63.96484375
78,Trent Boult,2022,RR,8.81283422459893,4.370690575521665,5.335533648980208,3.477300575618722,65.17249828015508,8.0823302930622,-3.7116397175405345,47.8515625
79,Travis Head,2024,SH,6.8,3.62496910347717,3.4271531793099936,3.372846820690006,98.4154090646476,8.455882352941174,-4.830913249464004,50.5859375
80,Praveen Kumar,2016,GL,5.09180790960452,-1.0147997058018552,1.7423572825998963,3.3494506270046234,192.23672782006383,0.8652393171344772,-1.8800390229363324,64.6484375
81,Sam Curran,2020,CSK,6.804804804804806,3.9302274153510544,3.483803881379295,3.321000923425511,95.32686214560024,-1.4888473435472087,5.4190747588982635,76.171875
82,Thisara Perera,2012,MI,6.086363636363636,0.1983372618254297,2.8510639767500345,3.2352996596136014,113.4769225102259,11.487966801928948,-11.289629540103519,42.1875
83,Yuzvendra Chahal,2022,RR,7.160427807486631,7.11557310509322,4.033010402578872,3.127417404907759,77.54548321789501,12.207595693779908,-5.092022588686688,46.6796875
84,Andrew Tye,2018,PBK,9.777191825972317,8.522161360145228,6.668242144218323,3.1089496817539937,46.62322714914602,-2.741524011258254,11.263685371403483,74.8046875
85,Johan Botha,2011,RR,8.309760956175298,4.247506301433499,5.300350346047725,3.0094106101275733,56.77757909666442,6.482104850427067,-2.234598548993568,49.8046875
86,Mohammed Shami,2022,GT,6.885026737967914,6.392883386610968,3.8794711580054884,3.005555579962426,77.47333225458597,15.185885167464122,-8.793001780853153,40.0390625
87,Umesh Yadav,2011,DC,6.463147410358565,4.354885563380279,3.4772507610811703,2.985896649277395,85.86946569102194,9.539268420957807,-5.184382857577528,47.8515625
88,Subramaniam Badrinath,2011,CSK,7.386454183266932,8.792693661971832,4.4131466365061796,2.9733075467607524,67.37386703095535,0.4222591362126238,8.370434525759208,76.5625
89,Piyush Chawla,2018,KKR,5.703361898483851,0.0086443932411658,2.753337640581544,2.950024257902307,107.14357056765549,1.3306516292304584,-1.3220072359892927,59.375
90,Ambati Rayudu,2022,CSK,7.435828877005347,9.772070073439412,4.651493488450968,2.7843353885543793,59.858954881212,4.02734375,5.744726323439412,71.6796875
91,Pat Cummins,2022,KKR,7.9866310160427805,3.951631268639989,5.216788863998362,2.7698421520444185,53.094771980507126,10.5680412752935,-6.61641000665351,40.0390625
92,R P Singh,2012,MI,5.618181818181819,8.227799443749328,2.8623439953221377,2.7558378228596814,96.27905756133725,1.4423076923076863,6.785491751441642,77.734375
93,Murali Vijay,2015,PBK,4.581171237954041,0.1118761791958422,1.8510453123603239,2.730125925593717,147.49103694887137,7.969793734652817,-7.857917555456975,50.0
94,Mitchell Johnson,2014,PBK,10.42834890965732,11.365089831804282,7.768246031025474,2.6601028786318457,34.2432882275832,-1.8458881422384037,13.210977974042684,73.6328125
95,Piyush Chawla,2014,KKR,6.818535825545171,7.687411785462235,4.158795261041225,2.659740564503946,63.95459255760609,4.898512388151165,2.78889939731107,65.625
96,Amit Mishra,2018,DC,5.431773236651286,0.2449486803519063,2.7885041469967677,2.643269089654518,94.7916499425447,12.44381664762606,-12.198867967274154,38.4765625
97,David Warner,2022,DC,6.885026737967914,0.2283736230110165,4.2712783898709095,2.6137483480970047,61.1935844382178,8.9921875,-8.763813876988984,37.6953125
98,Ravichandran Ashwin,2018,PBK,10.320369149637443,11.30940572166628,7.745048363188791,2.5753207864486525,33.25119051146043,17.93257735299419,-6.62317163132791,36.1328125
99,Shivam Dube,2021,RR,4.700513405590416,2.786548018144007,2.136997706382234,2.5635156992081822,119.9587482734368,9.571703083424886,-6.785155065280879,49.0234375
100,Umesh Yadav,2018,RCB,5.703361898483851,2.6557497207093927,3.173974886063296,2.529387012420555,79.69146269956067,-1.029172205449416,3.6849219261588084,70.703125
101,Rashid Khan Arman,2018,SRH,12.221489782465394,15.80690598380114,9.861178208404528,2.360311574060866,23.93539112850845,22.57394020389788,-6.76703422009674,33.984375
102,Shikhar Dhawan,2018,SRH,7.061305207646671,10.191901445328874,4.757568268142365,2.303736939504306,48.42257240806385,11.08516652960526,-0.8932650842763863,51.5625
103,Jaydev Unadkat,2020,RR,3.711711711711712,-4.864554013126971,1.4169068018049549,2.294804909906757,161.95877576305472,3.65948838686956,-8.524042399996532,49.0234375
104,Dinesh Karthik,2022,RCB,6.0588235294117645,5.905263157894737,3.779190059536649,2.2796334698751153,60.32068866508957,3.0078125,2.897450657894737,65.4296875
105,Quinton De Kock,2022,LSG,7.435828877005347,3.787201652386777,5.170921226400451,2.264907650604896,43.800853879600275,3.79296875,-0.005767097613222916,54.4921875
106,Rahul Chahar,2022,PBK,5.783422459893049,5.343818279936648,3.666932975326901,2.1164894845661477,57.718248432873686,11.493966806220094,-6.150148526283446,41.796875
107,Marcus Stoinis,2020,DC,5.9387387387387385,6.068292824012712,3.907727780759936,2.0310109579788023,51.974218060394975,-1.6635900470140328,7.731882871026745,72.0703125
108,Karn Sharma,2014,SRH,6.016355140186915,7.221744148435652,4.056073284115595,1.9602818560713207,48.32954729265326,3.1015105170628985,4.120233631372754,65.8203125
109,Nathan Coulter-Nile,2017,KKR,4.924863387978142,1.4480081745287925,3.0489876843482455,1.8758757036298968,61.52454184251275,6.737370796922553,-5.28936262239376,43.75
110,Tillakaratne Dilshan,2011,RCB,6.001494023904383,-0.4168078785211282,4.125807405956574,1.8756866179478084,45.46229218648969,-1.4554748231121213,1.038666944590993,57.8125
111,Shimron Hetmyer,2022,RR,9.363636363636363,10.707152692778456,7.498536639625507,1.8650997240108564,24.87284937910237,9.34765625,1.3594964427784557,55.46875
112,Siddarth Kaul,2018,SRH,5.160184574818722,3.370027929060183,3.2981021412539966,1.862082433564725,56.459210594876495,2.373813941187954,0.9962139878722289,59.5703125
113,Muttiah Muralitharan,2011,CSK,10.156374501992032,12.65009903169014,8.323307667974067,1.8330668340179646,22.023297793870235,9.81507355554188,2.8350254761482585,57.421875
114,RP Singh,2011,KTK,4.616533864541832,0.4673965669014071,2.822018882696791,1.7945149818450412,63.58975812841331,4.07683783926649,-3.6094412723650833,47.65625
115,Ajinkya Rahane,2018,RR,5.431773236651286,5.201550062840397,3.639020906089335,1.7927523305619508,49.264688959661065,9.182514391447365,-3.9809643286069676,44.140625
116,Shardul Thakur,2024,CSK,4.0,3.440460526315793,2.213383331454352,1.7866166685456482,80.71880921646377,1.6119196313541444,1.8285408949616486,66.2109375
117,Umesh Yadav,2014,KKR,4.171339563862928,-2.6315477240649345,2.389333153614028,1.7820064102488997,74.58174711021334,2.2358826539111396,-4.867430377976074,46.6796875
118,Rishi Dhawan,2014,PBK,4.813084112149532,2.203574894142552,3.0978220024278222,1.71526210972171,55.369937600592486,0.7422774104019423,1.4612974837406099,61.5234375
119,Robin Uthappa,2018,KKR,8.690837178642058,17.496708734813577,7.043206764748794,1.647630413893264,23.393185361810534,0.1184210526315752,17.378287682182002,72.8515625
120,Lakshmipathy Balaji,2011,KKR,4.385707171314741,0.7013809419014057,2.857706521312972,1.5280006500017689,53.46947416068917,12.214392765627792,-11.513011823726387,32.8125
121,Shane Watson,2018,CSK,5.431773236651286,-1.2651707163803945,3.9420379182997456,1.4897353183515403,37.79099413112909,5.384817023026308,-6.649987739406702,37.3046875
122,Manish Pandey,2022,LSG,5.067379679144385,5.078167074663401,3.614986079357123,1.452393599787262,40.177017778324355,-0.37109375,5.449260824663401,67.96875
123,R Ashwin,2022,RR,5.508021390374331,7.264155326697019,4.0653228249656514,1.44269856540868,35.487921317069556,17.597484300239238,-10.33332897354222,30.078125
124,Shivam Dube,2022,CSK,4.406417112299465,1.4049028103751002,2.967750238100502,1.438666874198963,48.47668296776135,14.37890625,-12.9740034396249,30.6640625
125,Ishant Sharma,2011,DCH,3.9240537848605577,-1.520642605633803,2.5362303171722043,1.3878234676883534,54.719930532007886,5.855769230769226,-7.3764118364030296,39.2578125
126,Dinesh Karthik,2016,GL,3.346045197740113,1.3244047619047628,1.9756017793411025,1.3704434183990104,69.36840373043586,10.359803100125689,-9.035398338220926,38.8671875
127,Aaron Finch,2015,MI,4.886582653817643,4.270540019286408,3.5480646652342482,1.338517988583395,37.72529857470972,8.314103535353532,-4.043563516067124,41.796875
128,Ravichandran Ashwin,2011,CSK,7.848107569721115,16.214090008802813,6.574356031416478,1.2737515383046372,19.37454455185934,16.366262870264794,-0.15217286146198106,49.4140625
129,Bhuvneshwar Kumar,2022,SRH,4.626737967914438,3.6948254090023536,3.356139755806803,1.2705982121076347,37.85891841688779,9.581373355263151,-5.886547946260798,38.8671875
130,Steven Smith,2014,RR,6.417445482866043,3.994514525993884,5.228817893160508,1.1886275897055354,22.732243003916917,6.27886904761905,-2.284354521625166,41.9921875
131,Ranganath Vinay Kumar,2014,KKR,4.49221183800623,3.5355122324159023,3.327545790364754,1.164666047641476,35.00075193597289,2.327809383998475,1.2077028484174273,56.4453125
132,Mohammed Shami,2018,DC,4.073829927488465,1.3741987850858792,2.9628602933473616,1.110969634141103,37.49652444415321,4.635443488070236,-3.261244702984357,43.1640625
133,Vinay Kumar,2011,KTK,4.154880478087649,1.9825924295774664,3.0612727137541693,1.0936077643334796,35.723957536352316,0.2092697879919107,1.7733226415855556,58.203125
134,Jonny Bairstow,2022,PBK,7.435828877005347,8.136145960832312,6.531418494150548,0.9044103828547989,13.847074470343262,8.332944373401531,-0.19679841256921904,48.4375
135,Nitish Rana,2018,KKR,4.617007251153593,5.692315144532898,3.736213613060123,0.8807936380934702,23.574498926255494,10.434658267596872,-4.742343123063973,38.0859375
136,David Warner,2014,SRH,8.82398753894081,11.785808486238537,7.945775298288244,0.878212240652565,11.052568285460552,20.26150793650794,-8.475699450269403,30.078125
137,Mohammed Siraj,2018,RCB,3.5306526038233357,-0.2697727272727306,2.7124726194180013,0.8181799844053343,30.163621875780862,-0.6151384513453011,0.3453657240725705,52.734375
138,Ashish Nehra,2014,CSK,3.2087227414330215,-2.4480886850152905,2.4129921603702122,0.7957305810628093,32.97692359434457,13.70074363859738,-16.14883232361267,26.3671875
139,Mahela Jayawardene,2011,PBK,12.92629482071713,19.687323943661973,12.14618719487219,0.7801076258449395,6.422654396223047,2.684634551495016,17.002689392166957,70.703125
140,Faf Du Plessis,2014,CSK,7.620716510903426,9.105735613822068,6.880552195099979,0.7401643158034474,10.757338870716792,4.4392609126984155,4.6664747011236525,60.9375
141,Dhawal Kulkarni,2016,GL,2.9096045197740112,3.4628136824444957,2.2160421918460473,0.6935623279279639,31.297343095719675,0.4013158078480654,3.06149787459643,59.9609375
142,Varun Aaron,2014,RCB,3.2087227414330215,-1.2656297929096758,2.571206105592791,0.6375166358402304,24.794458695999833,-1.2740548252659392,0.008425032356263351,51.3671875
143,Stuart Binny,2016,RCB,2.9096045197740112,3.994474079924323,2.2802321267721752,0.629372393001836,27.601242242506064,0.4602040566959937,3.5342700232283293,60.7421875
144,Piyush Chawla,2021,MI,2.350256702795208,0.4416448230668379,1.8841216454024354,0.4661350573927727,24.74017845558,13.373377691387574,-12.931732868320736,26.171875
145,Dwayne Smith,2014,CSK,7.219626168224298,8.816070483415661,6.774337407790853,0.4452887604334457,6.5731706826610035,3.646854437364659,5.169216046051002,61.1328125
146,Manoj Tiwary,2011,KKR,4.385707171314741,7.444272667253521,4.104840575274011,0.28086659604073017,6.842326538393795,0.3536544850498302,7.0906181822036904,64.0625
147,Sandeep Sharma,2018,SRH,4.073829927488465,6.057862903225802,3.810290947417299,0.2635389800711656,6.916505424600142,7.3905720419476335,-1.3327091387218317,43.9453125
148,Rahul Dravid,2011,RR,4.616533864541832,8.617473591549295,4.371810524551735,0.244723339990097,5.597757236178248,3.447009966777408,5.170463624771887,60.9375
149,Harpreet Brar,2022,PBK,4.186096256684492,7.314267443707528,4.076279068617377,0.10981718806711527,2.6940547057383855,7.223183313397136,0.09108413031039131,48.4375
150,Aaron Finch,2018,PBK,8.419248516809494,12.853032048596573,8.414520691942233,0.004727824867261532,0.056186502361196995,-0.0839506172839534,12.936982665880526,68.359375
151,Shardul Thakur,2018,CSK,3.5306526038233357,4.620761590559976,3.5272610083435603,0.003391595479775411,0.09615379955588091,2.1311113675260147,2.489650223033961,53.90625
152,Brendon McCullum,2011,KTK,4.385707171314741,0.7733714788732389,4.398149742318328,-0.0124425710035867,-0.2829046697493306,-0.6319767441860478,1.4053482230592866,51.7578125
153,M Ashwin,2018,RCB,2.987475280158207,1.7189066126848749,3.0182243649946128,-0.030749084836405594,-1.018780617936615,8.619083135969325,-6.90017652328445,30.078125
154,Brett Lee,2011,KKR,3.693227091633466,-2.115080325704227,3.7661409103782493,-0.07291381874478331,-1.9360353337777865,5.962808540389674,-8.0778888660939,28.515625
155,Dwayne Smith,2016,GL,3.346045197740113,3.646854437364659,3.431183886810961,-0.0851386890708481,-2.481321079820598,5.903948819997211,-2.2570943826325522,38.671875
156,Manish Pandey,2014,KKR,2.727414330218068,0.5269590978593293,2.8310609393223376,-0.1036466091042696,-3.661051857438263,2.7232390873015895,-2.19627998944226,38.4765625
157,Daniel Vettori,2011,RCB,4.616533864541832,2.12169894366197,4.7284618941099446,-0.11192802956811221,-2.3671128598400353,7.560521035002216,-5.438822091340246,31.8359375
158,Yusuf Pathan,2014,KKR,5.21417445482866,12.496992619383672,5.384576188543705,-0.1704017337150452,-3.164626662309917,4.579857504283579,7.917135115100093,62.3046875
159,Kedar Jadhav,2014,DC,3.2087227414330215,3.949092125382263,3.4022861373676148,-0.19356339593459326,-5.6892156661566196,4.200124007936509,-0.2510318825542459,43.9453125
160,Adam Gilchrist,2011,DCH,8.309760956175298,13.088028169014084,8.521394907364732,-0.21163395118943384,-2.4835599510418924,2.6732558139534888,10.414772355060595,65.625
161,Eoin Morgan,2017,PBK,2.814207650273224,1.5964015151515143,3.073384952724039,-0.2591773024508153,-8.432959308305918,10.85783270146787,-9.261431186316356,24.21875
162,Wriddhiman Saha,2019,SRH,1.5805626598465472,0.3487840466926055,1.8747482263640685,-0.29418556651752126,-15.692003991814504,5.726975794692329,-5.378191747999724,29.296875
163,Jacques Kallis,2011,RCB,10.156374501992032,16.937709066901405,10.478639750892425,-0.32226524890039343,-3.0754492621329725,8.8123073308466,8.125401736054805,62.6953125
164,Wriddhiman Saha,2022,GT,2.093048128342246,-2.0182680538555715,2.469343590810956,-0.3762954624687098,-15.238683829540738,5.76953125,-7.7877993038555715,26.171875
165,Brad Hodge,2012,RR,4.447727272727273,10.247253618519474,4.891015156402876,-0.4432878836756027,-9.063310366055402,10.741978358033409,-0.49472473951393425,42.1875
166,Glenn Maxwell,2018,DC,12.221489782465394,20.46926406926407,12.667146896392392,-0.44565711392699825,-3.518212250731233,1.2530261093764867,19.216237959887586,68.5546875
167,Shikhar Dhawan,2011,DCH,2.769920318725099,3.141725352112676,3.2579087758127607,-0.4879884570876616,-14.978579532691844,12.77501524426157,-9.633289892148895,22.65625
168,Pragyan Ojha,2011,DCH,4.616533864541832,11.937896126760563,5.2252917148727205,-0.6087578503308881,-11.650217510310167,3.767172799248317,8.170723327512246,61.5234375
169,Morne Morkel,2014,KKR,4.49221183800623,3.694667431192654,5.145286370260658,-0.6530745322544282,-12.692676077839838,5.749317417184268,-2.054649985991614,37.6953125
170,Brad Hodge,2011,KTK,3.9240537848605577,1.92071963028169,4.6776963839284,-0.7536425990678426,-16.111404785851494,6.938630696082678,-5.017911065800988,29.4921875
171,Rahul Tripathi,2018,RR,4.617007251153593,12.82857509426058,5.481327143282802,-0.8643198921292088,-15.768442012960424,0.7634662828947363,12.065108811365844,64.0625
172,Ashok Dinda,2011,DC,3.2315737051792826,7.453565140845068,4.1068897327534275,-0.875316027574145,-21.313355958726877,5.400065693858405,2.053499446986663,47.65625
173,Mandeep Singh,2018,RCB,1.90112063282795,0.4096826560536293,2.8132850105733587,-0.9121643777454087,-32.42346133851209,2.8486395302758805,-2.438956874222251,32.71484375
174,Christopher Morris,2015,RR,2.1378799110452187,1.9660807751117344,3.135016051611263,-0.9971361405660444,-31.8064126036471,19.973253746309112,-18.007172971197377,15.234375
175,Muttiah Muralitharan,2012,RCB,2.06,1.74805682019095,3.0985202359444917,-1.0385202359444916,-33.51665171965319,0.4038461538461497,1.3442106663448004,44.921875
176,David Miller,2022,GT,3.3048128342245993,0.8109317625458985,4.407031037907835,-1.1022182036832358,-25.01044794561954,7.21875,-6.4078182374541015,26.171875
177,Vaibhav Arora,2023,KKR,0.6267748478701826,-0.9615883638892267,1.7473438475623082,-1.1205689996921255,-64.12985064476082,7.076792885705653,-8.03838124959488,17.1875
178,Doug Bollinger,2011,CSK,6.001494023904383,9.778966769366193,7.133891210716595,-1.132397186812212,-15.87348549850487,-0.3322893505370459,10.111256119903238,62.5
179,Trent Boult,2018,DC,2.987475280158207,-0.367918586789556,4.1366549724870865,-1.1491796923288793,-27.780409533115026,3.29889530275881,-3.666813889548366,31.0546875
180,Rahul Tripathi,2020,KKR,0.7423423423423423,0.7634662828947363,1.9169706287069408,-1.1746282863645985,-61.2752364994201,13.221656976744184,-12.458190693849447,11.71875
181,Dhawal Kulkarni,2014,RR,1.764797507788162,1.4711538461538431,2.978328936447154,-1.213531428658992,-40.74537952502361,3.4628136824444957,-1.9916598362906526,33.0078125
182,Jos Buttler,2018,RR,5.974950560316414,9.99691558441559,7.217888378070172,-1.2429378177537576,-17.220241608752595,9.436420641447366,0.5604949429682229,44.7265625
183,Vijay Shankar,2022,GT,1.5422459893048128,0.8003406608562003,2.872935474100254,-1.3306894847954414,-46.318112494753706,10.41796875,-9.6176280891438,17.3828125
184,Ajinkya Rahane,2023,CSK,0.5223123732251521,0.2846927966101695,1.868306032829252,-1.3459936596040998,-72.04353226680999,0.8925831202046055,-0.607890323594436,30.2734375
185,Dirk Nannes,2011,RCB,6.001494023904383,10.417440580985918,7.382763424324784,-1.3812694004204014,-18.70938185381079,1.1826923076923066,9.234748273293611,60.7421875
186,Bhuvneshwar Kumar,2014,SRH,6.818535825545171,12.476817219477764,8.2462050870832,-1.4276692615380302,-17.31304577634531,8.085047134171013,4.391770085306751,54.1015625
187,David Warner,2011,DC,6.924800796812749,12.788952464788732,8.385611145717768,-1.4608103489050182,-17.420439888284132,11.380232558139532,1.4087199066491998,47.265625
188,Manvanth Kumar,2024,UN-,0.2,-1.332229366028706,1.7129044366850399,-1.51290443668504,-88.32392539147969,3.549400469005789,-4.881629835034495,17.3828125
189,Parthiv Patel,2014,RCB,2.246105919003115,5.81860665137615,3.761642004279388,-1.5155360852762731,-40.28921634626956,7.73623511904762,-1.91762846767147,33.59375
190,Jaydev Unadkat,2023,LSG,0.5223123732251521,2.1258768479593027,2.0624993983319797,-1.5401870251068277,-74.67575633488352,1.298395457650141,0.8274813903091616,35.15625
191,Aman Khan,2024,UN-,0.2,-0.1327713815789479,1.8268825169825849,-1.626882516982585,-89.05238852850074,2.9128381877949128,-3.0456095693738607,20.3125
192,Dale Steyn,2011,DCH,10.156374501992032,19.26763864436619,11.875468875151524,-1.7190943731594928,-14.47601262091269,14.41474823409088,4.852890410275311,56.640625
193,Dhawal Kulkarni,2018,RR,1.0184574818721162,0.4013158078480654,2.8120210970110837,-1.7935636151389676,-63.78201134569576,0.8272838864164089,-0.4259680785683435,33.203125
194,Shaun Marsh,2011,PBK,3.693227091633466,4.898371478873239,5.488909578766141,-1.7956824871326753,-32.71473981060422,5.114950166112955,-0.21657868723971596,39.84375
195,Murali Kartik,2011,PWI,3.4624003984063747,12.122964348591545,5.277488274167233,-1.8150878757608582,-34.393025270099194,6.875218408693109,5.247745939898436,53.7109375
196,Iqbal Abdullah,2014,RR,1.042834890965732,1.148537108915545,2.9271676117958596,-1.8843327208301277,-64.37392629095339,3.395169230860763,-2.2466321219452183,27.5390625
197,Daniel Christian,2013,RCB,1.2810945273631842,2.3114977516693944,3.1937186663430843,-1.9126241389799001,-59.88705765276187,12.017468579807286,-9.705970828137891,14.453125
198,Harshal Patel,2014,RCB,0.6417445482866043,-0.3789155479787371,2.696619030187205,-2.0548744819006006,-76.20188313207696,8.366415527355374,-8.74533107533411,12.3046875
199,Albie Morkel,2014,RCB,3.8504672897196257,6.278551370265815,5.911244455704286,-2.06077716598466,-34.86198517802851,0.7922136402037108,5.486337730062104,54.1015625
200,Akash Singh,2024,SH,0.2,3.901442882775129,2.2688673092392784,-2.068867309239278,-91.18502879451961,12.496588125980876,-8.595145243205748,9.765625
201,Mohit Sharma,2014,CSK,3.2087227414330215,12.359367648788515,5.344922460602244,-2.1361997191692224,-39.966898208819366,5.488194072606564,6.871173576181951,55.078125
202,Christopher Gayle,2018,PBK,2.715886618325643,2.6880079597821585,4.8744891908407775,-2.1586025725151345,-44.28366723165935,14.535259046052625,-11.847251086270466,15.234375
203,Ashok Sharma,2024,UN-,0.2,4.969011662679426,2.4027592249800196,-2.2027592249800194,-91.67623630696234,17.813469927150543,-12.844458264471116,4.8828125
204,Lalit Yadav,2022,DC,0.716042780748663,1.102919367490129,2.920004713469491,-2.203961932720828,-75.47802654407789,1.4897652511961716,-0.38684588370604267,30.46875
205,Tim Southee,2014,RR,1.9252336448598129,-0.3917367788461519,4.131366628853998,-2.206132983994185,-53.39959345622505,0.8690970363032822,-1.260833815149434,32.2265625
206,Eoin Morgan,2015,SRH,2.2905856189770204,8.747228593272169,4.512432982422402,-2.2218473634453813,-49.23834596769193,1.5964015151515143,7.150827078120654,53.7109375
207,Sandeep Sharma,2022,PBK,0.5508021390374331,0.1668737486116189,2.776835728419545,-2.2260335893821117,-80.16439599216314,8.661688845693789,-8.494815097082169,12.109375
208,Tushar Deshpande,2022,CSK,0.2203208556149732,-2.1895266914265745,2.446734788697818,-2.2264139330828447,-90.9953111128881,2.382898474880392,-4.572425166306966,17.7734375
209,Siddarth Kaul,2014,DC,0.7219626168224298,1.3276309985885646,2.9554592472388457,-2.2334966304164157,-75.57189741334017,3.370027929060183,-2.042396930471618,25.9765625
210,Parthiv Patel,2018,RCB,2.308503625576797,9.420967741935492,4.56460201883184,-2.256098393255043,-49.42596055356469,8.89386307565789,0.5271046662776016,39.453125
211,Shakib Al Hasan,2014,KKR,4.49221183800623,8.77216924456369,6.758383354936161,-2.266171516929931,-33.53126624986098,1.226209514290476,7.545959730273214,56.640625
212,Mustafizur Rahman,2021,RR,1.175128351397604,3.7380503462844072,3.4480308911674182,-2.272902539769814,-65.91885663182865,6.352743223355403,-2.6146928770709956,25.78125
213,Avinash Singh,2023,RCB,0.6267748478701826,8.530682832077014,2.9092873141251405,-2.282512466254958,-78.45606912637771,4.753085842772803,3.777596989304211,41.796875
214,Mohammed Arshad Khan,2024,LSG,0.2,5.828125,2.516223207227178,-2.316223207227178,-92.05157954884314,5.983515305153078,-0.1553903051530776,28.61328125
215,Mahipal Lomror,2022,RCB,1.046524064171123,3.7475977960787974,3.365665561306799,-2.319141497135676,-68.90588072081691,3.3876981160287083,0.3598996800500891,35.7421875
216,Manan Ajay Sharma,2016,KKR,0.1454802259887005,5.488194072606564,2.4707012696756014,-2.3252210436869007,-94.11178406008582,0.2806743122468882,5.207519760359676,41.30859375
217,Romario Shepherd,2023,LSG,0.5223123732251521,0.4066434256148739,2.883139965864675,-2.360827592639523,-81.88390506846217,-0.5409642657348908,0.9476076913497646,33.7890625
218,Jean-Paul Duminy,2014,DC,3.529595015576324,6.284861983009179,5.913248297250563,-2.3836532816742393,-40.310387148507665,11.105481745734275,-4.820619762725096,26.953125
219,Darren Bravo,2012,DCH,0.9363636363636364,3.0363334376020026,3.3205003190855438,-2.3841366827219073,-71.80052563218821,6.572912255939761,-3.536578818337758,23.2421875
220,Wayne Parnell,2014,DC,1.6043613707165107,-1.0411160609268424,3.9897611413175538,-2.385399770601043,-59.788034574252826,1.810339413875603,-2.8514554748024454,26.7578125
221,Aiden Markram,2022,SRH,2.864171122994652,4.071150941758259,5.2503840178277565,-2.3862128948331045,-45.44834981080781,4.770275119617224,-0.6991241778589652,35.3515625
222,Mandeep Hardev Singh,2014,PBK,1.2834890965732086,5.479472477064224,3.693746787885396,-2.4102576913121876,-65.25238002824814,5.769494047619048,-0.29002157055482414,33.3984375
223,Amit Mishra,2016,GL,0.1454802259887005,6.251638057459363,2.5741132541013663,-2.4286330281126656,-94.34833623746331,0.2449486803519063,6.006689377107457,42.3828125
224,Monu Singh,2018,CSK,0.2715886618325643,0.4096826560536293,2.8132850105733587,-2.5416963487407944,-90.34620876264458,2.8486395302758805,-2.438956874222251,21.58203125
225,Sanjay Yadav,2020,SRH,0.2474474474474474,7.80556126644737,2.798163423552499,-2.5507159761050517,-91.15679072334909,10.757787637698897,-2.952226371251527,19.921875
226,Shadab Jakati,2014,RCB,0.3208722741433021,0.9600509970044028,2.897684732177894,-2.576812458034592,-88.92659817059757,-0.066761101201573,1.0268120982059759,33.3984375
227,Shaun Tait,2011,RR,2.677589641434263,4.110018705985908,5.261355702870978,-2.5837660614367155,-49.10837068147331,8.44462785292891,-4.334609146943002,26.3671875
228,Riley Meredith,2022,MI,1.1016042780748665,-2.3364688128772677,3.7216253824684498,-2.620021104393583,-70.39991496016175,-0.7123729066985618,-1.624095906178706,28.7109375
229,Harbhajan Singh,2018,CSK,2.715886618325643,12.557093457617649,5.401985135431841,-2.6860985171061977,-49.72428560545212,12.68217241717118,-0.125078959553532,37.6953125
230,Shivam Sharma,2024,UN-,0.2,8.661688845693789,2.9298294658395228,-2.7298294658395226,-93.17366412168664,5.163252211640812,3.4984366340529762,37.6953125
231,Shivalik Sharma,2024,MI,0.2,8.661688845693789,2.9298294658395228,-2.7298294658395226,-93.17366412168664,5.163252211640812,3.4984366340529762,37.6953125
232,Kumar Sangakkara,2011,DCH,6.463147410358565,14.676936619718308,9.280516589006274,-2.8173691786477084,-30.357891736168778,0.666112956810629,14.01082366290768,63.28125
233,Anunay Singh,2022,RR,0.2203208556149732,2.729156010112075,3.1865130074671244,-2.9661921518521512,-93.08583222165785,3.901442882775129,-1.172286872663054,24.609375
234,JP Duminy,2011,DCH,2.769920318725099,5.739838248239437,5.74266362920047,-2.9727433104753707,-51.76593132426346,6.284861983009179,-0.5450237347697424,34.375
235,Amit Mishra,2011,DCH,2.769920318725099,13.839001980633796,5.787007401698433,-3.0170870829733336,-52.13553177913418,2.6647482340908804,11.174253746542917,56.8359375
236,Jason Holder,2014,SRH,1.203271028037383,0.0096153846153796,4.221388466004254,-3.018117437966871,-71.49584697718339,2.3154817714894196,-2.30586638687404,25.5859375
237,Ashok Sharma,2022,KKR,0.6058823529411764,5.142789663316494,3.627554600776869,-3.0216722478356925,-83.29777440671955,4.969011662679426,0.17377800063706772,31.93359375
238,Philip Salt,2024,UN-,1.5,8.79296875,4.523531917129152,-3.0235319171291524,-66.840070381288,13.625,-4.83203125,21.6796875
239,Dwayne Bravo,2011,CSK,1.846613545816733,2.9569212147887294,4.945401338394963,-3.0987877925782303,-62.65998612731289,16.69999466945788,-13.743073454669151,10.546875
240,Naman Ojha,2011,DC,2.4929282868525897,13.260651408450704,5.610014051645347,-3.1170857647927575,-55.5628869392681,2.418189368770765,10.842462039679939,56.0546875
241,Kane Williamson,2018,SRH,4.073829927488465,9.94744972769167,7.198737960268571,-3.124908032780106,-43.409109347043405,0.9799547697368388,8.96749495795483,57.2265625
242,Sonu Yadav,2023,RCB,0.2089249492900608,11.68061440677966,3.4455543367433856,-3.2366293874533247,-93.93639081345822,12.446499360613808,-0.7658849538341492,24.8046875
243,Kuldip Yadav,2024,UN-,0.2,12.446359150717704,3.5902127176975904,-3.3902127176975903,-94.42929943916359,20.56570883120736,-8.119349680489655,9.1796875
244,Ryan Harris,2011,PBK,3.0007470119521913,7.744118617957747,6.395336965309475,-3.394589953357284,-53.07914143962572,3.0686764971696165,4.67544212078813,49.0234375
245,Jesse Ryder,2011,PWI,1.3849601593625496,3.835756919733626,5.184423596255649,-3.7994634368930997,-73.28613039330331,2.6713654760238423,1.1643914437097838,36.71875
246,Quinton De Kock,2018,RCB,3.8022412656559,11.00858585858586,7.620921332629623,-3.8186800669737226,-50.10785310988213,10.288445723684204,0.7201401349016567,39.453125
247,Sherfane Rutherford,2022,RCB,1.1016042780748665,2.9749863463207005,4.950201907210558,-3.848597629135692,-77.74627583432004,5.029411764705884,-2.0544254183851836,25.390625
248,Moises Henriques,2014,SRH,1.6043613707165107,5.045245971536106,5.532379198453776,-3.928017827737265,-71.00051689940365,15.049001392161069,-10.003755420624962,11.5234375
249,Faf Du Plessis,2022,RCB,7.711229946524064,18.963685740514073,11.683179032077174,-3.97194908555311,-33.99716014492102,25.21484375,-6.251158009485927,24.8046875
250,Ansh Patel,2022,PBK,0.2203208556149732,9.223554946570482,4.516460782411829,-4.296139926796855,-95.12182511419218,21.554754784688996,-12.331199838118513,3.515625
251,Sanjay Yadav,2022,MI,0.5508021390374331,10.757787637698897,4.904383070915165,-4.353580931877731,-88.76918603067739,29.140625,-18.382837362301103,4.296875
252,Aman Khan,2022,KKR,0.2203208556149732,9.50807955135956,4.586008023801036,-4.365687168186063,-95.19580309341971,-0.1327713815789479,9.640850932938507,46.19140625
253,Imran Tahir,2018,CSK,1.3579433091628217,7.202224898757149,6.211889236326633,-4.853945927163812,-78.13960845886182,20.503934998657,-13.301710099899854,6.8359375
254,Ansh Patel,2024,UN-,0.2,21.554754784688996,5.855641507937801,-5.6556415079378,-96.5844903632013,14.39095569691085,7.163799087778145,42.96875
255,Amit Mishra,2014,RR,0.160436137071651,14.620281257351202,6.035002582736725,-5.874566445665074,-97.34157301720828,6.251638057459363,8.368643199891839,44.140625
256,Daniel Christian,2018,DC,2.0369149637442323,12.017468579807286,8.045254291932356,-6.008339328188123,-74.68178270279392,-2.4821442732281116,14.499612853035398,54.6875
